-- phpMyAdmin SQL Dump
-- version 4.8.3
-- https://www.phpmyadmin.net/
--
-- 主機: 127.0.0.1
-- 產生時間： 2018 年 12 月 11 日 06:52
-- 伺服器版本: 10.1.36-MariaDB
-- PHP 版本： 7.1.22

SET SQL_MODE = "NO_AUTO_VALUE_ON_ZERO";
SET AUTOCOMMIT = 0;
START TRANSACTION;
SET time_zone = "+00:00";


/*!40101 SET @OLD_CHARACTER_SET_CLIENT=@@CHARACTER_SET_CLIENT */;
/*!40101 SET @OLD_CHARACTER_SET_RESULTS=@@CHARACTER_SET_RESULTS */;
/*!40101 SET @OLD_COLLATION_CONNECTION=@@COLLATION_CONNECTION */;
/*!40101 SET NAMES utf8mb4 */;

--
-- 資料庫： `foodtopia`
--

-- --------------------------------------------------------

--
-- 資料表結構 `cart`
--

CREATE TABLE `cart` (
  `sid` int(11) NOT NULL,
  `member_sid` int(11) NOT NULL,
  `product_id` varchar(11) NOT NULL,
  `qty` int(11) NOT NULL DEFAULT '1'
) ENGINE=InnoDB DEFAULT CHARSET=utf8;

--
-- 資料表的匯出資料 `cart`
--

INSERT INTO `cart` (`sid`, `member_sid`, `product_id`, `qty`) VALUES
(1, 0, '1101', 1),
(2, 0, '1102', 1),
(19, 4, '6613', 1),
(20, 4, '6113', 1),
(21, 4, '6117', 1),
(22, 4, '6112', 1),
(23, 4, '5107', 1),
(24, 4, '1515', 1),
(25, 4, '3628', 1),
(26, 4, '3203', 1),
(27, 4, '3629', 1),
(28, 4, '3610', 1),
(29, 4, '3630', 1),
(30, 4, '3631', 1),
(31, 4, '2201', 1),
(32, 4, '3607', 1),
(33, 4, '3608', 1),
(34, 4, '3635', 1),
(49, 3, '6613', 1),
(50, 3, '6113', 1),
(51, 3, '6117', 1),
(52, 3, '6112', 1),
(53, 3, '5107', 1),
(54, 3, '1515', 1),
(55, 3, '3628', 1),
(56, 3, '3203', 1),
(57, 3, '3629', 1),
(58, 3, '3610', 1),
(59, 3, '3630', 1),
(60, 3, '3631', 1),
(61, 3, '2201', 1),
(62, 3, '3607', 1),
(63, 3, '3608', 1),
(64, 3, '3635', 1);

-- --------------------------------------------------------

--
-- 資料表結構 `category`
--

CREATE TABLE `category` (
  `id` int(11) NOT NULL,
  `category` varchar(255) CHARACTER SET utf8 NOT NULL
) ENGINE=InnoDB DEFAULT CHARSET=utf8 COLLATE=utf8_croatian_ci;

--
-- 資料表的匯出資料 `category`
--

INSERT INTO `category` (`id`, `category`) VALUES
(1, '異國料理'),
(2, '食材篩選'),
(3, '烹調時間'),
(4, '烹飪方法'),
(5, '場合料理');

-- --------------------------------------------------------

--
-- 資料表結構 `comment`
--

CREATE TABLE `comment` (
  `id` int(11) NOT NULL,
  `comment` varchar(255) NOT NULL,
  `recipe_id` int(11) NOT NULL,
  `members_id` int(11) NOT NULL,
  `comment_name` varchar(255) NOT NULL,
  `profile` varchar(255) DEFAULT NULL
) ENGINE=InnoDB DEFAULT CHARSET=utf8;

--
-- 資料表的匯出資料 `comment`
--

INSERT INTO `comment` (`id`, `comment`, `recipe_id`, `members_id`, `comment_name`, `profile`) VALUES
(1, '12345', 1, 74, 'Tom', NULL),
(2, '123455', 1, 75, 'Mai', NULL),
(3, '123455123', 1, 76, 'Huri', NULL),
(17, '777', 1, 74, 'OPQ', NULL),
(18, '888', 2, 74, 'OPQ', NULL),
(19, '789789', 2, 74, 'OPQ', NULL),
(20, '123', 1, 74, 'OPQ', NULL),
(21, '123', 1, 74, 'OPQ', NULL),
(22, '333', 1, 74, 'OPQ', NULL),
(23, '123', 2, 74, 'OPQ', NULL),
(24, '444', 1, 74, 'OPQ', NULL),
(25, '321', 2, 74, 'OPQ', NULL),
(26, '333', 2, 74, 'OPQ', NULL),
(27, '222', 2, 74, 'OPQ', NULL),
(31, '123', 1, 74, 'OPQ', NULL),
(32, '123', 1, 74, 'OPQ', NULL),
(33, '123', 1, 74, 'OPQ', NULL),
(34, '123', 2, 74, 'OPQ', NULL),
(35, '333', 2, 74, 'OPQ', NULL),
(36, '33322', 2, 74, 'OPQ', NULL),
(37, '2222', 2, 74, 'OPQ', NULL),
(38, '222', 1, 74, 'OPQ', NULL),
(39, '333', 1, 4, 'OPQ', NULL),
(40, '333', 3, 4, 'OPQ', NULL),
(41, '222', 3, 4, 'OPQ', NULL),
(42, '21234', 3, 4, 'OPQ', NULL),
(43, '32123', 3, 4, 'OPQ', NULL),
(44, '22221111', 3, 4, 'OPQ', NULL),
(45, '123', 4, 4, 'OPQ', NULL),
(46, '1234455', 3, 4, 'OPQ', NULL),
(47, '123445', 5, 4, 'OPQ', NULL),
(48, '1234', 5, 4, 'OPQ', NULL),
(49, '3333', 5, 3, 'wilson', NULL),
(50, '333', 4, 6, 'OPQ', NULL),
(51, '333', 2, 3, 'wilson', NULL),
(52, '444', 4, 6, 'OPQ', NULL);

-- --------------------------------------------------------

--
-- 資料表結構 `community`
--

CREATE TABLE `community` (
  `id` int(11) NOT NULL,
  `facebook` varchar(255) DEFAULT NULL,
  `instagram` varchar(255) DEFAULT NULL,
  `google_plus` varchar(255) DEFAULT NULL,
  `youtube` varchar(255) DEFAULT NULL,
  `img_name` varchar(1000) DEFAULT NULL,
  `welcome` varchar(255) DEFAULT NULL,
  `introduction` varchar(255) DEFAULT NULL,
  `sid` int(11) NOT NULL
) ENGINE=InnoDB DEFAULT CHARSET=utf8;

--
-- 資料表的匯出資料 `community`
--

INSERT INTO `community` (`id`, `facebook`, `instagram`, `google_plus`, `youtube`, `img_name`, `welcome`, `introduction`, `sid`) VALUES
(21, 'https://www.youtube.com/watch?v=z7pU3iDkLCA', NULL, '', NULL, '789.jpg', '123', '123', 4),
(23, 'https://www.youtube.com/watch?v=_xliMXUzSkw', 'https://www.youtube.com/', 'https://bitbucket.org/lsd0125/', NULL, '456.jpg', '你好你好你好你好', '你好你好你好你好你好你好你好你好你好你好你好你好你好你好你好你好你好你好', 6),
(24, NULL, NULL, NULL, NULL, '456.jpg', '請設定部落格歡迎用語', '請設定部落格簡介', 3);

-- --------------------------------------------------------

--
-- 資料表結構 `igr_test`
--

CREATE TABLE `igr_test` (
  `sid` int(11) NOT NULL,
  `main_category` varchar(60) NOT NULL,
  `sub_category` varchar(60) NOT NULL,
  `product_name` varchar(60) NOT NULL,
  `product_id` varchar(60) NOT NULL,
  `price` int(11) NOT NULL,
  `description` varchar(60) NOT NULL,
  `spec` varchar(60) NOT NULL,
  `product_img` varchar(60) NOT NULL
) ENGINE=InnoDB DEFAULT CHARSET=utf8;

--
-- 資料表的匯出資料 `igr_test`
--

INSERT INTO `igr_test` (`sid`, `main_category`, `sub_category`, `product_name`, `product_id`, `price`, `description`, `spec`, `product_img`) VALUES
(1, '肉類', '牛', '牛肉切丁', '1101', 250, '肉質軟嫩富彈性,口感鮮嫩多汁風', '280克', 'PG1101'),
(2, '肉類', '牛', '牛五花排', '1102', 300, '溶脂度低,油脂香氣,芳香四溢', '300克/片', 'PG1102'),
(3, '肉類', '牛', '牛五花肉丁', '1103', 112, '肉質柔嫩,纖維組織也較細', '180克', 'PG1103'),
(4, '肉類', '牛', '牛肉條', '1104', 56, '油花分佈均勻，最頂級的美味', '134克', 'PG1104'),
(5, '肉類', '牛', '牛五花條肉', '1105', 60, '富油花且肉質鮮嫩，是極佳的牛肉', '124克', 'PG1105'),
(6, '肉類', '牛', '牛肉火鍋肉片', '1106', 61, '肉質柔嫩,纖維組織也較細', '124克', 'PG1106'),
(7, '肉類', '牛', '牛前腿肉火鍋肉片', '1107', 92, '肉質柔嫩,纖維組織也較細', '180克', 'PG1107'),
(8, '肉類', '牛', '牛後腿赤肉', '1108', 90, '肉質柔嫩', '180克', 'PG1108'),
(9, '肉類', '牛', '美國安格斯嫩肩牛排', '1109', 700, '富油花且肉質鮮嫩，是極佳的牛肉', '3包330克/包', 'PG1109'),
(10, '肉類', '牛', '美國安格斯嫩肩牛排', '1110', 700, '從牛上肩胛快取出三筋的部位而成', '3包330克/包', 'PG1110'),
(11, '肉類', '牛', '美國安格斯嫩肩牛排', '1111', 700, '肉質柔嫩,纖維組織也較細', '3包330克/包', 'PG1111'),
(12, '肉類', '牛', '美國安格斯牛肋條', '1112', 119, '肉質柔嫩,纖維組織也較細', '238克', 'PG1112'),
(13, '肉類', '牛', '美國安格斯骰子牛肉', '1113', 250, '肉質軟嫩富彈性,口感鮮嫩多汁風', '280克', 'PG1113'),
(14, '肉類', '牛', '美國特選雪花牛肉片', '1114', 61, '肉質柔嫩,纖維組織也較細', '124克', 'PG1114'),
(15, '肉類', '牛', '美國藍絲帶霜降牛排', '1115', 615, '只飼養優良安格斯黑牛品種!', '120公克/包', 'PG1115'),
(16, '肉類', '牛', '美國藍絲帶霜降牛排', '1116', 615, '優質營養榖物餵養,不加抗生素', '120公克/包', 'PG1116'),
(17, '肉類', '牛', '紐西蘭頂級多汁骰子牛', '1117', 1456, '肉質軟嫩富彈性,口感鮮嫩多汁風', '8包200公克/包', 'PG1117'),
(18, '肉類', '牛', '超值老饕霜降骰子牛肉', '1118', 655, '油花分佈均勻，最頂級的美味', '4包200公克/包', 'PG1118'),
(19, '肉類', '牛', '超值老饕霜降骰子牛肉', '1119', 1195, '經濟實惠令人感動的價格', '8包200公克/包', 'PG1119'),
(20, '肉類', '牛', '澳洲榖飼熟成戰斧牛排', '1120', 945, '超大尺寸,份量十足,骨香肉嫩.\n濕式熟成工法,完整封存肉汁', '600克/片', 'PG1120'),
(21, '肉類', '牛', '極厚切和牛牛排', '1121', 789, '溶脂度低,油脂香氣,芳香四溢', '2片300克/片', 'PG1121'),
(22, '肉類', '牛', '澳洲日本種極厚切和牛', '1122', 1499, '溶脂度低,油脂香氣,芳香四溢', '5片300克/片', 'PG1122'),
(23, '肉類', '牛', '澳洲冠軍和牛火鍋片', '1123', 249, '脂肪紋路油花分布均勻', '200克', 'PG1123'),
(24, '肉類', '牛', '澳洲冠軍和牛火鍋片', '1124', 1074, '肉質鮮甜多汁', '4包200克', 'PG1124'),
(25, '肉類', '羊', '羊肉火鍋片', '1201', 115, '嚴選澳洲進口羊肉分切\n肥瘦比例剛好口感佳\n小包裝份量1~2人吃剛好', '180克', 'PG1201'),
(26, '肉類', '豬', '台灣在地嚴選松阪豬肉', '1301', 250, '又稱黃金六兩肉\n表面有著如雪花般的細紋\n肉質有層次而不油膩、不乾澀', '300克', 'PG1301'),
(27, '肉類', '豬', '台灣松阪豬肉', '1302', 560, '又稱黃金六兩肉\n表面有著如雪花般的細紋\n肉質有層次而不油膩、不乾澀', '3包300克/包', 'PG1302'),
(28, '肉類', '豬', '台灣嚴選霜降豬排', '1303', 552, '採用豬隻背頸肉部位\n黃金六兩,Q彈好吃', '2包350公克/包', 'PG1303'),
(29, '肉類', '豬', '台灣嚴選霜降豬排', '1304', 779, '採用豬隻背頸肉部位\n黃金六兩,Q彈好吃', '4包350公克/包', 'PG1304'),
(30, '肉類', '豬', '台灣嚴選霜降豬排', '1305', 1341, '採用豬隻背頸肉部位\n黃金六兩,Q彈好吃', '8包350公克/包', 'PG1305'),
(31, '肉類', '豬', '松阪豬厚片', '1306', 780, '松阪豬肉又稱雪紋豬\n油脂紋路彷彿大理石花紋\n嚴選豬背頸肉到腮幫子最鮮嫩部位', '2包300公克/包', 'PG1306'),
(32, '肉類', '豬', '松阪豬厚片', '1307', 1400, '松阪豬肉又稱雪紋豬\n油脂紋路彷彿大理石花紋\n嚴選豬背頸肉到腮幫子最鮮嫩部位', '4包300公克/包', 'PG1307'),
(33, '肉類', '豬', '梅花火鍋豬肉片', '1308', 890, '不論是火鍋、熱炒、煮湯都超適\n產自台灣的豬肉~品質有保證', '5包200克/包', 'PG1308'),
(34, '肉類', '豬', '梅花豬排', '1309', 110, '特選肩胛梅花部位\n油花均勻\n無豬腥味 口感軟嫩', '150克', 'PG1309'),
(35, '肉類', '豬', '雪紋松阪豬 紐西蘭法式小羊排', '1310', 2065, '松阪豬肉又稱雪紋豬\n口感香滑美味\n肉質相當Q彈帶有嚼', '10包', 'PG1310'),
(36, '肉類', '豬', '頂極霜降松板豬排', '1311', 660, '黃金六兩,一生一定吃一次!\n鮮甜滋味,讓您再三回味', '2包350公克/包', 'PG1311'),
(37, '肉類', '豬', '頂極霜降松板豬排', '1312', 1000, '黃金六兩,一生一定吃一次!\n鮮甜滋味,讓您再三回味', '4包350公克/包', 'PG1312'),
(38, '肉類', '豬', '頂極霜降松板豬排', '1313', 1230, '黃金六兩,一生一定吃一次!\n鮮甜滋味,讓您再三回味', '8包350公克/包', 'PG1313'),
(39, '肉類', '豬', '黃金六兩雪紋松阪豬', '1314', 857, '松阪豬肉又稱雪紋豬\n口感香滑美味\n肉質相當Q彈帶有嚼', '5包200克/包', 'PG1314'),
(40, '肉類', '豬', '豬大骨', '1315', 43, 'CAS品質保證的冷藏豬', '286克', 'PG1315'),
(41, '肉類', '豬', '豬小里肌', '1316', 195, 'CAS品質保證的冷藏豬', '300克', 'PG1316'),
(42, '肉類', '豬', '豬小排骨', '1317', 290, '精選帶骨及肋間肌肉分切而成，另含軟骨', '600克/盒', 'PG1317'),
(43, '肉類', '豬', '豬小腸', '1318', 95, '四神湯的材料之一，也可用來滷製或是用與酸菜等拌炒，適合各式料理。', '230克/盒', 'PG1318'),
(44, '肉類', '豬', '豬五花火鍋肉片', '1319', 79, 'CAS品質保證的冷藏豬', '164克', 'PG1319'),
(45, '肉類', '豬', '豬心', '1320', 79, 'CAS品質保證的冷藏豬', '478克', 'PG1320'),
(46, '肉類', '豬', '豬支骨', '1321', 59, '常用來熬湯，湯頭清爽味甘，擁有豐富的鈣質', '600克', 'PG1321'),
(47, '肉類', '豬', '豬肉絲', '1322', 48, 'CAS品質保證的冷藏豬', '200克', 'PG1322'),
(48, '肉類', '豬', '豬肚', '1323', 146, 'CAS品質保證的冷藏豬', '400克', 'PG1323'),
(49, '肉類', '豬', '豬里肌火鍋肉片', '1324', 215, 'CAS品質保證的冷藏豬', '300克', 'PG1324'),
(50, '肉類', '豬', '豬背骨', '1325', 60, 'CAS品質保證的冷藏豬', '400克/盒', 'PG1325'),
(51, '肉類', '豬', '豬絞肉', '1326', 48, 'CAS品質保證的冷藏豬', '218克', 'PG1326'),
(52, '肉類', '鴨', '鴨肉', '1401', 259, '肉質相當Q彈帶有嚼', '1.7公斤', 'PG1401'),
(53, '肉類', '雞', '卜蜂去骨雞胸肉真空包', '1501', 899, '卜蜂上市公司優良農產雞肉\n真空包裝，保鮮易保存', '真空包30片每包2片/250g/共15包', 'PG1501'),
(54, '肉類', '雞', '卜蜂去骨雞胸肉真空包', '1502', 1415, '卜蜂上市公司優良農產雞肉\n真空包裝，保鮮易保存', '真空包10包(每包2片/250g/共20包)', 'PG1502'),
(55, '肉類', '雞', '土雞(切塊)', '1503', 145, '慢活自然熟成\n屠宰衛生、好保障\n無生長激素、無藥物殘留', '200克', 'PG1503'),
(56, '肉類', '雞', '土雞(整隻)', '1504', 425, '慢活自然熟成\n屠宰衛生、好保障\n無生長激素、無藥物殘留', '2公斤/隻', 'PG1504'),
(57, '肉類', '雞', '土雞切塊(半隻)', '1505', 425, '慢活自然熟成\n屠宰衛生、好保障\n無生長激素、無藥物殘留', '半雞切塊1件600g/盒/件', 'PG1505'),
(58, '肉類', '雞', '去骨雞腿肉', '1506', 67, '慢活自然熟成\n屠宰衛生、好保障\n無生長激素、無藥物殘留', '222克', 'PG1506'),
(59, '肉類', '雞', '鮮凍雞胸清肉', '1507', 109, '保有雞肉的原汁原味\n口感結實有嚼勁\nHACCP&IOS雙認證', '300g/包', 'PG1507'),
(60, '肉類', '雞', '鮮凍雞胸清肉', '1508', 673, '保有雞肉的原汁原味\n口感結實有嚼勁\nHACCP&IOS雙認證', '6包/300g/包', 'PG1508'),
(61, '肉類', '雞', '鮮凍帶骨雞腿', '1509', 529, '保有雞肉的原汁原味\n口感結實有嚼勁\nHACCP&IOS雙認證', '6支(約285-320g/支', 'PG1509'),
(62, '肉類', '雞', '鮮凍帶骨雞腿', '1510', 803, '保有雞肉的原汁原味\n口感結實有嚼勁\nHACCP&IOS雙認證', '12支(約285-320g/支', 'PG1510'),
(63, '肉類', '雞', '雞二節翅', '1511', 176, '電宰製程\n產銷履歷驗證', '400克', 'PG1511'),
(64, '肉類', '雞', '雞心', '1512', 42, '\n產銷履歷驗證', '176克', 'PG1512'),
(65, '肉類', '雞', '雞胗', '1513', 19, '\n產銷履歷驗證', '138克', 'PG1513'),
(66, '肉類', '雞', '雞翅小腿', '1514', 150, '電宰製程\n產銷履歷驗證', '450克', 'PG1514'),
(67, '肉類', '雞', '雞胸肉', '1515', 120, '電宰製程\n產銷履歷驗證', '600克', 'PG1515'),
(68, '肉類', '雞', '雞棒棒腿', '1516', 300, '電宰製程\n產銷履歷驗證', '2kg/包', 'PG1516'),
(69, '肉類', '雞', '雞腳', '1517', 110, '電宰製程\n產銷履歷驗證', '300克', 'PG1517'),
(70, '乳製品', '牛奶', '林鳳營全脂鮮乳家庭', '2101', 228, '高於衛福部高鈣標準20%，吸收率', '2728ml', 'PG2101'),
(71, '乳製品', '牛奶', '瑞穗鮮奶', '2102', 85, '無添加防腐劑,香料', '930ml', 'PG2102'),
(72, '乳製品', '牛奶', '瑞穗鮮乳', '2103', 166, '百分之百新鮮、品質至上', '1858ml', 'PG2103'),
(73, '乳製品', '牛奶', '福樂低脂高鈣牛乳', '2104', 113, '無添加防腐劑香料', '1892ml', 'PG2104'),
(74, '乳製品', '奶油抹醬鮮奶油', '牛油', '2201', 43, '只有嚴格把關原料來源、製程細節，營養奶油', '100g', 'PG2201'),
(75, '乳製品', '奶油抹醬鮮奶油', '紐西蘭安佳無鹽奶油', '2202', 162, '無添加防腐劑香料', '454g', 'PG2202'),
(76, '乳製品', '乳酪', '安佳比薩調理專用乳酪絲', '2301', 133, '無添加防腐劑香料', '300g/pack', 'PG2301'),
(77, '乳製品', '乳酪', '安佳帕米桑乳酪粉', '2302', 85, '新鮮原料來源、製程細節，的營養起司', '90g', 'PG2302'),
(78, '乳製品', '乳酪', '艾德法蘭斯佩蒂布里乾酪', '2303', 169, '新鮮原料來源的營養乾酪', '125g', 'PG2303'),
(79, '乳製品', '乳酪', '佳品雙色乳酪絲 (焗烤專用)', '2304', 169, '新鮮原料來源的營養乾酪絲', '300g', 'PG2304'),
(80, '乳製品', '乳酪', '芝司樂原味起司', '2305', 99, '只有嚴格把關原料來源、製程細節，才能做出超越一般起司的營養起司', '250g', 'PG2305'),
(81, '乳製品', '乳酪', '總統牌軟質原味乾酪', '2306', 96, '嚴選新鮮食材，堅持真材實料', '140g', 'PG2306'),
(82, '乳製品', '蛋類', '大成趴趴走紅雞蛋', '2401', 79, '嚴選新鮮食材，堅持真材實料', '350 g克', 'PG2401'),
(83, '乳製品', '蛋類', '茂林伊利蛋', '2402', 129, '嚴選新鮮食材，堅持真材實料', '400g/盒', 'PG2402'),
(84, '乳製品', '蛋類', '御品園土雞蛋', '2403', 129, '嚴選新鮮食材，堅持真材實料', '400g/盒', 'PG2403'),
(85, '乳製品', '優格發酵乳', '家福藍莓優格', '2501', 20, '嚴選新鮮食材，堅持真材實料', '100g2杯', 'PG2501'),
(86, '食物櫃', '未分類', '中華非基因改造超嫩豆腐', '3101', 36, '嚴選新鮮食材，堅持真材實料', '300g3盒', 'PG3101'),
(87, '食物櫃', '未分類', '中華雞蛋豆腐(非基改)', '3102', 23, '嚴選新鮮食材，堅持真材實料', '300g', 'PG3102'),
(88, '食物櫃', '未分類', '台糖大豆沙拉油', '3103', 139, '嚴選新鮮食材，堅持真材實料', '3L公升/瓶', 'PG3103'),
(89, '食物櫃', '未分類', '玉米', '3104', 50, '新鮮直送', '440g', 'PG3104'),
(90, '食物櫃', '未分類', '沙拉油', '3105', 139, '嚴選新鮮食材，堅持真材實料', '3L公升/瓶', 'PG3105'),
(91, '食物櫃', '未分類', '愛之味純濃燕麥', '3106', 25, '嚴選新鮮食材，堅持真材實料', '290ml/瓶', 'PG3106'),
(92, '食物櫃', '未分類', '養樂多', '3107', 75, '嚴選新鮮食材，堅持真材實料', '100ml10瓶', 'PG3107'),
(93, '食物櫃', '米、麵條、穀物', '中興外銷日本之米', '3201', 159, '新鮮直送', '3kg', 'PG3201'),
(94, '食物櫃', '米、麵條、穀物', '天生好米富里月之米', '3202', 169, '新鮮直送', '3kg', 'PG3202'),
(95, '食物櫃', '米、麵條、穀物', '米', '3203', 149, '新鮮直送', '3kg', 'PG3203'),
(96, '食物櫃', '米、麵條、穀物', '烏冬麵', '3204', 145, '新鮮直送', '300g', 'PG3204'),
(97, '食物櫃', '冷凍食品', '大貢丸', '3301', 95, '一般料理、煮羹、火鍋、燉煮等料理的絕佳食材', '500g', 'PG3301'),
(98, '食物櫃', '冷凍食品', '大黑輪條', '3302', 520, '一般料理、煮羹、火鍋、燉煮等料理的絕佳食材', '3公斤 約65條', 'PG3302'),
(99, '食物櫃', '冷凍食品', '小貢丸', '3303', 180, '一般料理、煮羹、火鍋、燉煮等料理的絕佳食材', '300g', 'PG3303'),
(100, '食物櫃', '冷凍食品', '及第 瓜子雞水餃', '3304', 119, '無添加防腐劑，嚴選食材水餃', '950g', 'PG3304'),
(101, '食物櫃', '冷凍食品', '及第 韭菜水餃', '3305', 119, '無添加防腐劑，嚴選食材水餃', '950g', 'PG3305'),
(102, '食物櫃', '冷凍食品', '及第 豬肉水餃', '3306', 119, '無添加防腐劑，嚴選食材水餃', '950g', 'PG3306'),
(103, '食物櫃', '冷凍食品', '火鍋脆丸', '3307', 196, '一般料理、煮羹、火鍋、燉煮等料理的絕佳食材', '450g', 'PG3307'),
(104, '食物櫃', '冷凍食品', '北海翅', '3308', 200, '一般料理、煮羹、火鍋、燉煮等料理的絕佳食材', '600g', 'PG3308'),
(105, '食物櫃', '冷凍食品', '芋粿條', '3309', 49, '一般料理、煮羹、火鍋、燉煮等料理的絕佳食材', '600g', 'PG3309'),
(106, '食物櫃', '冷凍食品', '花枝丸', '3310', 95, '一般料理、煮羹、火鍋、燉煮等料理的絕佳食材', '500g', 'PG3310'),
(107, '食物櫃', '冷凍食品', '虱目魚丸', '3311', 89, '一般料理、煮羹、火鍋、燉煮等料理的絕佳食材', '430g', 'PG3311'),
(108, '食物櫃', '冷凍食品', '香菇丸', '3312', 160, '一般料理、煮羹、火鍋、燉煮等料理的絕佳食材', '500g', 'PG3312'),
(109, '食物櫃', '冷凍食品', '桂冠 PARTY火鍋組合包', '3313', 167, '百分之百新鮮、品質至上', '416g/盒', 'PG3313'),
(110, '食物櫃', '冷凍食品', '桂冠 小湯圓', '3314', 41, '各種口味湯圓等秋冬暖心美食', '300g', 'PG3314'),
(111, '食物櫃', '冷凍食品', '桂冠 低脂魚餃', '3315', 39, '無添加防腐劑，嚴選新鮮鍋物食材', '100g', 'PG3315'),
(112, '食物櫃', '冷凍食品', '桂冠 豆沙湯圓', '3316', 44, '無添加防腐劑，嚴選新鮮鍋物食材', '200g', 'PG3316'),
(113, '食物櫃', '冷凍食品', '桂冠 抹茶和風湯圓', '3317', 44, '無添加防腐劑，嚴選新鮮鍋物食材', '200g', 'PG3317'),
(114, '食物櫃', '冷凍食品', '桂冠 明太子魚香腸', '3318', 49, '無添加防腐劑，嚴選新鮮鍋物食材', '120g', 'PG3318'),
(115, '食物櫃', '冷凍食品', '桂冠 芝麻小湯圓', '3319', 46, '無添加防腐劑，嚴選新鮮鍋物食材', '200g', 'PG3319'),
(116, '食物櫃', '冷凍食品', '桂冠 芝麻湯圓', '3320', 41, '無添加防腐劑，嚴選新鮮鍋物食材', '200g', 'PG3320'),
(117, '食物櫃', '冷凍食品', '桂冠 花生小湯圓', '3321', 46, '無添加防腐劑，嚴選新鮮鍋物食材', '200g', 'PG3321'),
(118, '食物櫃', '冷凍食品', '桂冠 花生湯圓', '3322', 41, '無添加防腐劑，嚴選新鮮鍋物食材', '200g', 'PG3322'),
(119, '食物櫃', '冷凍食品', '桂冠 花枝餃', '3323', 39, '無添加防腐劑，嚴選新鮮鍋物食材', '100g', 'PG3323'),
(120, '食物櫃', '冷凍食品', '桂冠 青醬蛤蜊義大利麵', '3324', 49, '無添加防腐劑，嚴選新鮮鍋物食材', '320g', 'PG3324'),
(121, '食物櫃', '冷凍食品', '桂冠 飛魚蛋', '3325', 48, '無添加防腐劑，嚴選新鮮鍋物食材', '120g', 'PG3325'),
(122, '食物櫃', '冷凍食品', '桂冠 香菇餃', '3326', 89, '無添加防腐劑，嚴選新鮮鍋物食材', '430g', 'PG3326'),
(123, '食物櫃', '冷凍食品', '桂冠 貢丸', '3327', 89, '無添加防腐劑，嚴選新鮮鍋物食材', '430g', 'PG3327'),
(124, '食物櫃', '冷凍食品', '桂冠 起司洋芋燒', '3328', 42, '無添加防腐劑，嚴選新鮮鍋物食材', '120g', 'PG3328'),
(125, '食物櫃', '冷凍食品', '桂冠 起司海鮮飯', '3329', 50, '無添加防腐劑，嚴選新鮮鍋物食材', '410g', 'PG3329'),
(126, '食物櫃', '冷凍食品', '桂冠 蛋餃', '3330', 39, '無添加防腐劑，嚴選新鮮鍋物食材', '120g', 'PG3330'),
(127, '食物櫃', '冷凍食品', '桂冠 魚子球', '3331', 49, '無添加防腐劑，嚴選新鮮鍋物食材', '120g', 'PG3331'),
(128, '食物櫃', '冷凍食品', '桂冠 魚卵卷', '3332', 48, '無添加防腐劑，嚴選新鮮鍋物食材', '120g', 'PG3332'),
(129, '食物櫃', '冷凍食品', '桂冠 魚餃', '3333', 34, '無添加防腐劑，嚴選新鮮鍋物食材', '90g', 'PG3333'),
(130, '食物櫃', '冷凍食品', '桂冠 紫糯芝麻湯圓', '3334', 41, '各種口味湯圓等秋冬暖心美食', '200g', 'PG3334'),
(131, '食物櫃', '冷凍食品', '桂冠 紫糯花生湯圓', '3335', 41, '各種口味湯圓等秋冬暖心美食', '200g', 'PG3335'),
(132, '食物櫃', '冷凍食品', '桂冠 雲吞', '3336', 34, '無添加防腐劑，嚴選新鮮鍋物食材', '220g', 'PG3336'),
(133, '食物櫃', '冷凍食品', '桂冠 黃金起司球', '3337', 48, '無添加防腐劑，嚴選新鮮鍋物食材', '120g', 'PG3337'),
(134, '食物櫃', '冷凍食品', '桂冠 黃金魚蛋', '3338', 48, '無添加防腐劑，嚴選新鮮鍋物食材', '120g', 'PG3338'),
(135, '食物櫃', '冷凍食品', '桂冠 黃金麻糬捲', '3339', 42, '嚴選新鮮食材，堅持真材實料', '120g', 'PG3339'),
(136, '食物櫃', '冷凍食品', '桂冠 義大利麵奶油明太子', '3340', 49, '嚴選新鮮食材，堅持真材實料', '120g', 'PG3340'),
(137, '食物櫃', '冷凍食品', '桂冠 義大利麵奶油培根', '3341', 50, '嚴選新鮮食材，堅持真材實料', '120g', 'PG3341'),
(138, '食物櫃', '冷凍食品', '桂冠 德式起司腸', '3342', 48, '嚴選新鮮食材，堅持真材實料', '120g', 'PG3342'),
(139, '食物櫃', '冷凍食品', '桂冠 蝦仁炒飯', '3343', 44, '嚴選新鮮食材，堅持真材實料', '275g', 'PG3343'),
(140, '食物櫃', '冷凍食品', '桂冠 蝦餃', '3344', 39, '嚴選新鮮食材，堅持真材實料', '100g', 'PG3344'),
(141, '食物櫃', '冷凍食品', '桂冠 燕餃', '3345', 39, '嚴選新鮮食材，堅持真材實料', '92g', 'PG3345'),
(142, '食物櫃', '冷凍食品', '桂冠 蕃茄肉醬義大利麵', '3346', 49, '嚴選新鮮食材，堅持真材實料', '375g', 'PG3346'),
(143, '食物櫃', '冷凍食品', '桂冠 鮭魚炒飯', '3347', 44, '嚴選新鮮食材，堅持真材實料', '275g', 'PG3347'),
(144, '食物櫃', '冷凍食品', '桂冠 鮮肉湯圓', '3348', 41, '各種口味湯圓等秋冬暖心美食', '200g', 'PG3348'),
(145, '食物櫃', '冷凍食品', '桂冠 鮮蝦雲吞', '3349', 34, '各種口味湯圓等秋冬暖心美食', '160g', 'PG3349'),
(146, '食物櫃', '冷凍食品', '桂冠 蟳味棒', '3350', 48, '嚴選新鮮食材，堅持真材實料', '105g', 'PG3350'),
(147, '食物櫃', '冷凍食品', '桂冠 雙醬雞肉義大利麵', '3351', 49, '嚴選新鮮食材，堅持真材實料', '375g', 'PG3351'),
(148, '食物櫃', '冷凍食品', '桂冠粉紅芝麻湯圓', '3352', 41, '各種口味湯圓等秋冬暖心美食', '200g', 'PG3352'),
(149, '食物櫃', '冷凍食品', '海霸王綜合火鍋餃', '3353', 107, '嚴選新鮮鍋物食材', '360g', 'PG3353'),
(150, '食物櫃', '冷凍食品', '甜不辣條', '3354', 25, '嚴選新鮮鍋物食材', '192g', 'PG3354'),
(151, '食物櫃', '冷凍食品', '許米血糕', '3355', 39, '嚴選新鮮鍋物食材', '450g', 'PG3355'),
(152, '食物櫃', '冷凍食品', '魚豆腐', '3356', 57, '嚴選新鮮鍋物食材', '150g', 'PG3356'),
(153, '食物櫃', '冷凍食品', '魚羹丸', '3357', 41, '嚴選新鮮鍋物食材', '214g', 'PG3357'),
(154, '食物櫃', '冷凍食品', '麥康 冷凍薯條', '3358', 89, '嚴選新鮮鍋物食材', '1kg', 'PG3358'),
(155, '食物櫃', '冷凍食品', '森泉 酸菜白肉鍋', '3359', 152, '嚴選新鮮鍋物食材', '1.2kg', 'PG3359'),
(156, '食物櫃', '冷凍食品', '翔鳳 韭菜水餃', '3360', 119, '嚴選新鮮鍋物食材', '840g/100粒', 'PG3360'),
(157, '食物櫃', '冷凍食品', '翔鳳 豬肉水餃', '3361', 119, '嚴選新鮮鍋物食材', '840g/100粒', 'PG3361'),
(158, '食物櫃', '冷凍食品', '菱角丸', '3362', 80, '嚴選新鮮鍋物食材', '半斤', 'PG3362'),
(159, '食物櫃', '冷凍食品', '雅方 岡山羊肉爐', '3363', 219, '嚴選新鮮鍋物食材', '1kg', 'PG3363'),
(160, '食物櫃', '冷凍食品', '黃金魚蛋', '3364', 50, '嚴選新鮮鍋物食材', '120g', 'PG3364'),
(161, '食物櫃', '冷凍食品', '黑輪片', '3365', 35, '嚴選新鮮鍋物食材', '294kg', 'PG3365'),
(162, '食物櫃', '冷凍食品', '義美 韭菜豬肉水餃', '3366', 131, '嚴選新鮮鍋物食材', '1.19kg', 'PG3366'),
(163, '食物櫃', '冷凍食品', '義美 高麗菜豬肉水餃', '3367', 131, '嚴選新鮮鍋物食材', '1.19kg', 'PG3367'),
(164, '食物櫃', '冷凍食品', '義美 四合一火鍋餃', '3368', 121, '嚴選新鮮鍋物食材', '337g', 'PG3368'),
(165, '食物櫃', '冷凍食品', '義美 香菇貢丸', '3369', 135, '嚴選新鮮鍋物食材', '430g', 'PG3369'),
(166, '食物櫃', '冷凍食品', '義美 芝麻香酥抓餅', '3370', 57, '嚴選新鮮鍋物食材', '550g', 'PG3370'),
(167, '食物櫃', '冷凍食品', '義美 香酥蔥油餅', '3371', 49, '嚴選新鮮鍋物食材', '525g', 'PG3371'),
(168, '食物櫃', '冷凍食品', '義美 蛋餅皮', '3372', 37, '嚴選新鮮鍋物食材', '250g', 'PG3372'),
(169, '食物櫃', '冷凍食品', '義美 團圓火鍋組合包', '3373', 121, '嚴選新鮮鍋物食材', '326g', 'PG3373'),
(170, '食物櫃', '冷凍食品', '義美 熟玉米可樂餅', '3374', 51, '嚴選新鮮鍋物食材', '180g', 'PG3374'),
(171, '食物櫃', '冷凍食品', '義美 豬肉貢丸', '3375', 135, '嚴選新鮮鍋物食材', '430g', 'PG3375'),
(172, '食物櫃', '冷凍食品', '義美 闔家歡火鍋組合包', '3376', 121, '嚴選新鮮鍋物食材', '326g', 'PG3376'),
(173, '食物櫃', '冷凍食品', '旗魚甜不辣片', '3377', 35, '嚴選新鮮鍋物食材', '294kg', 'PG3377'),
(174, '食物櫃', '冷凍食品', '漢方 羊肉爐', '3378', 152, '嚴選新鮮鍋物食材', '1.2kg', 'PG3378'),
(175, '食物櫃', '冷凍食品', '原味鄉嫩雞塊 ', '3379', 145, '嚴選新鮮鍋物食材', '700g', 'PG3379'),
(176, '食物櫃', '冷凍食品', '黑胡椒鄉嫩雞塊', '3380', 145, '嚴選新鮮鍋物食材', '700g', 'PG3380'),
(177, '食物櫃', '冷凍食品', '龍鳳韭菜水餃', '3381', 205, '嚴選新鮮鍋物食材', '2.1kg150顆', 'PG3381'),
(178, '食物櫃', '冷凍食品', '龍鳳豬肉水餃', '3382', 205, '嚴選新鮮鍋物食材', '2.1kg150顆', 'PG3382'),
(179, '食物櫃', '冷凍食品', '龍鳳火腿混合蔬菜', '3383', 72, '嚴選新鮮鍋物食材', '500g', 'PG3383'),
(180, '食物櫃', '冷凍食品', '龍鳳火鍋餃', '3384', 121, '嚴選新鮮鍋物食材', '326g', 'PG3384'),
(181, '食物櫃', '冷凍食品', '雙麟日式豬肉水餃', '3385', 134, '嚴選新鮮食材，堅持真材實料', '1.7kg/100顆', 'PG3385'),
(182, '食物櫃', '冷凍食品', '關東竹輪', '3386', 29, '嚴選新鮮食材，堅持真材實料', '130g', 'PG3386'),
(183, '食物櫃', '冷凍食品', '櫻花蝦捲', '3387', 120, '嚴選新鮮食材，堅持真材實料', '300g', 'PG3387'),
(184, '食物櫃', '冷凍食品', '鱈魚丸', '3388', 120, '嚴選新鮮食材，堅持真材實料', '100g/bag', 'PG3388'),
(185, '食物櫃', '冷凍食品', '鑫鑫腸', '3389', 88, '嚴選新鮮食材，堅持真材實料', '300g', 'PG3389'),
(186, '食物櫃', '烘焙', '巴特里爆漿奶油餐包', '3401', 80, '能夠用家裡的家用烤箱烤出好吃的麵包', '1包10入400g', 'PG3401'),
(187, '食物櫃', '烘焙', '蜜糖', '3402', 279, '純天然無污染蜜源，高品質把關', '375g', 'PG3402'),
(188, '食物櫃', '烘焙', '咖啡瑞士卷', '3403', 65, '濃郁的咖啡香氣，搭配上軟綿的戚風蛋糕，屬於大人的風味', '420g', 'PG3403'),
(189, '食物櫃', '烘焙', '法國麵包', '3404', 53, '能夠用家裡的家用烤箱烤出好吃的法國麵包', '320g/包', 'PG3404'),
(190, '食物櫃', '烘焙', '花生醬(柔滑)', '3405', 155, '無添加人工色素/防腐劑吉比花生醬為台灣消費者心目中「最受消費者喜愛的花生醬品牌」最具知名度的花生醬最被推薦', '462g', 'PG3405'),
(191, '食物櫃', '烘焙', '花生醬(香脆)', '3406', 155, '無添加人工色素/防腐劑吉比花生醬為台灣消費者心目中「最受消費者喜愛的花生醬品牌」最具知名度的花生醬最被推薦', '462g', 'PG3406'),
(192, '食物櫃', '烘焙', '家福草莓果醬', '3407', 99, '嚴選新鮮食材，堅持真材實料', '370g', 'PG3407'),
(193, '食物櫃', '烘焙', '起酥蛋糕', '3408', 212, '嚴選新鮮食材，堅持真材實料', '475g', 'PG3408'),
(194, '食物櫃', '烘焙', '康寶果醬葡萄', '3409', 72, '康寶果醬強調新鮮、好吃、健康、成份道地', '400g', 'PG3409'),
(195, '食物櫃', '烘焙', '康寶草莓果醬', '3410', 72, '康寶果醬強調新鮮、好吃、健康、成份道地', '400g', 'PG3410'),
(196, '食物櫃', '烘焙', '聖桃園小藍莓果醬', '3411', 139, '果肉51%完美比例 \n純天然無添加\n無色素，無蔗糖', '284g', 'PG3411'),
(197, '食物櫃', '烘焙', '聖桃園黑櫻桃果醬', '3412', 139, '果肉51%完美比例 \n純天然無添加\n無色素，無蔗糖', '284g', 'PG3412'),
(198, '食物櫃', '烘焙', '玉米餅', '3413', 70, '風味及時享用', '300g', 'PG3413'),
(199, '食物櫃', '烘焙', '水餃皮', '3414', 45, '風味及時享用', '600g', 'PG3414'),
(200, '食物櫃', '烹飪素材', '6種蔬食西班牙燉飯', '3501', 219, '風味及時享用', '280g/入', 'PG3501'),
(201, '食物櫃', '烹飪素材', '泰式打拋雞肉', '3502', 100, '風味及時享用', '180g/入', 'PG3502'),
(202, '食物櫃', '烹飪素材', '泰式酸辣海鮮湯', '3503', 69, '鮮度可以在很短的時間出來', '270g/入', 'PG3503'),
(203, '食物櫃', '烹飪素材', '安塔爾即食牛肝菌燉飯', '3504', 59, '風味及時享用', '175g/入', 'PG3504'),
(204, '食物櫃', '烹飪素材', '安塔爾即食蘆筍燉飯', '3505', 59, '風味及時享用', '175g/入', 'PG3505'),
(205, '食物櫃', '烹飪素材', '安塔爾即食蘿勒番茄燉飯', '3506', 59, '風味及時享用', '175g/入', 'PG3506'),
(206, '食物櫃', '烹飪素材', '味王調理包-咖哩牛肉', '3507', 80, '充滿誘人香氣的咖哩令人食慾大開', '3入/200g/入', 'PG3507'),
(207, '食物櫃', '烹飪素材', '味王調理包-咖哩豬肉', '3508', 80, '充滿誘人香氣的咖哩令人食慾大開', '3入/200g/入', 'PG3508'),
(208, '食物櫃', '烹飪素材', '味王調理包-咖哩雞肉', '3509', 80, '充滿誘人香氣的咖哩令人食慾大開', '3入/200g/入', 'PG3509'),
(209, '食物櫃', '烹飪素材', '味王調理包-紅燒牛腩', '3510', 80, '風味及時享用', '3入/200g/入', 'PG3510'),
(210, '食物櫃', '烹飪素材', '味王調理包-筍絲叩肉', '3511', 80, '風味及時享用', '3入/200g/入', 'PG3511'),
(211, '食物櫃', '烹飪素材', '味王調理包-蔬燴什錦', '3512', 80, '風味及時享用', '3入/200g/入', 'PG3512'),
(212, '食物櫃', '烹飪素材', '職人料理川味辣雞', '3513', 68, '風味及時享用', '2入/220g/入', 'PG3513'),
(213, '食物櫃', '烹飪素材', '職人料理和風咖哩雞', '3514', 68, '風味及時享用', '2入/220g/入', 'PG3514'),
(214, '食物櫃', '烹飪素材', '職人料理法式紅酒牛', '3515', 68, '風味及時享用', '2入/220g/入', 'PG3515'),
(215, '食物櫃', '烹飪素材', '職人料理精燉豚肉', '3516', 68, '風味及時享用', '2入/220g/入', 'PG3516'),
(216, '食物櫃', '調味料', '大茂土豆麵筋', '3601', 66, '嚴選新鮮食材，堅持真材實料', '3入170g/入', 'PG3601'),
(217, '食物櫃', '調味料', '工研烏醋', '3602', 42, '堅持傳統製法，以古法釀造', '600g', 'PG3602'),
(218, '食物櫃', '調味料', '牛頭牌沙茶醬', '3603', 44, '嚴選新鮮食材，堅持真材實料', '127g', 'PG3603'),
(219, '食物櫃', '調味料', '可果美蕃茄醬', '3604', 63, '嚴選新鮮食材，堅持真材實料', '700g', 'PG3604'),
(220, '食物櫃', '調味料', '台糖細粒特砂', '3605', 30, '無添加化學物、含甘蔗蜜香氣，是風味極佳之結晶糖', '1kg', 'PG3605'),
(221, '食物櫃', '調味料', '台糖晶冰糖', '3606', 81, '無添加化學物、含甘蔗蜜香氣，是風味極佳之結晶糖', '1kg', 'PG3606'),
(222, '食物櫃', '調味料', '糖', '3607', 163, '無添加化學物、含甘蔗蜜香氣，是風味極佳之結晶糖', '5kg', 'PG3607'),
(223, '食物櫃', '調味料', '鹽', '3608', 17, '以離子交換膜電透析製程濃縮海水，可濾除農藥、戴奧辛、洗劑、重金屬等有害物質，安全又衛生', '1kg', 'PG3608'),
(224, '食物櫃', '調味料', '台鹽高級碘鹽', '3609', 14, '以離子交換膜電透析製程濃縮海水，可濾除農藥、戴奧辛、洗劑、重金屬等有害物質，安全又衛生', '1kg', 'PG3609'),
(225, '食物櫃', '調味料', '醬油', '3610', 95, '香醇馥郁的醬油總是為料理畫龍點睛', '1600ml', 'PG3610'),
(226, '食物櫃', '調味料', '同榮茄汁鯖魚罐(黃)', '3611', 89, '嚴選新鮮食材，堅持真材實料', '3入/230g/入', 'PG3611'),
(227, '食物櫃', '調味料', '同榮特選燒鰻(易開罐)', '3612', 99, '嚴選新鮮食材，堅持真材實料', '3入/100g/入', 'PG3612'),
(228, '食物櫃', '調味料', '佛蒙特咖哩塊', '3613', 97, '充滿誘人香氣的咖哩令人食慾大開', '230g', 'PG3613'),
(229, '食物櫃', '調味料', '味全高鮮味精', '3614', 107, '嚴選新鮮食材，堅持真材實料', '500g', 'PG3614'),
(230, '食物櫃', '調味料', '金蘭香菇素蠔油', '3615', 59, '全豆純釀造香菇素蠔油', '295ml/入', 'PG3615'),
(231, '食物櫃', '調味料', '金蘭醬油', '3616', 111, '香醇馥郁的醬油總是為料理畫龍點睛', '2L', 'PG3616'),
(232, '食物櫃', '調味料', '家福結晶冰糖', '3617', 59, '無添加化學物、含甘蔗蜜香氣，是風味極佳之結晶糖', '1000g', 'PG3617'),
(233, '食物櫃', '調味料', '家福黑糖', '3618', 59, '新鮮甘蔗慢火熬煮', '800g', 'PG3618'),
(234, '食物櫃', '調味料', '家福樹薯粉', '3619', 29, '嚴選新鮮食材，堅持真材實料', '290g', 'PG3619'),
(235, '食物櫃', '調味料', '愛之味 韓式泡菜', '3620', 98, '嚴選新鮮食材，堅持真材實料', '3入190g/入', 'PG3620'),
(236, '食物櫃', '調味料', '愛之味珍保玉筍', '3621', 100, '嚴選新鮮食材，堅持真材實料', '3入/120g/入', 'PG3621'),
(237, '食物櫃', '調味料', '愛之味鮪魚片', '3622', 175, '嚴選新鮮食材，堅持真材實料', '3入/185g/入', 'PG3622'),
(238, '食物櫃', '調味料', '愛之味鮮味脆瓜', '3623', 100, '嚴選新鮮食材，堅持真材實料', '3入/80g/入', 'PG3623'),
(239, '食物櫃', '調味料', '珍釀白醋 ', '3624', 33, '堅持傳統製法，以古法釀造', '600ml', 'PG3624'),
(240, '食物櫃', '調味料', '香菇素蠔油', '3625', 74, '堅持傳統製法，以古法釀造', '1000ml', 'PG3625'),
(241, '食物櫃', '調味料', '特級烏醋', '3626', 31, '堅持傳統製法，以古法釀造', '595ml', 'PG3626'),
(242, '食物櫃', '調味料', '甘醇醬油', '3627', 109, '香醇馥郁的醬油總是為料理畫龍點睛', '1600ml', 'PG3627'),
(243, '食物櫃', '調味料', '玉米澱粉', '3628', 44, '嚴選新鮮食材，堅持真材實料', '500g', 'PG3628'),
(244, '食物櫃', '調味料', '蘋果醋', '3629', 119, '嚴選新鮮食材，堅持真材實料', '500ml', 'PG3629'),
(245, '食物櫃', '調味料', '濃縮雞湯', '3630', 49, '嚴選新鮮食材，堅持真材實料', '500ml', 'PG3630'),
(246, '食物櫃', '調味料', '植物油', '3631', 269, '嚴選新鮮食材，堅持真材實料', '500ml', 'PG3631'),
(247, '食物櫃', '調味料', '白葡萄酒醋', '3632', 135, '嚴選新鮮食材，堅持真材實料', '215g', 'PG3632'),
(248, '食物櫃', '調味料', '蛋黃醬', '3633', 125, '嚴選新鮮食材，堅持真材實料', '312g', 'PG3633'),
(249, '食物櫃', '調味料', '海鮮醬', '3634', 290, '嚴選新鮮食材，堅持真材實料', '200g', 'PG3634'),
(250, '食物櫃', '調味料', '胡椒', '3635', 99, '嚴選新鮮食材，堅持真材實料', '45g', 'PG3635'),
(251, '食物櫃', '調味料', '白芝麻', '3636', 99, '嚴選新鮮食材，堅持真材實料', '100g', 'PG3636'),
(252, '食物櫃', '調味料', '芝麻', '3637', 99, '嚴選新鮮食材，堅持真材實料', '100g', 'PG3637'),
(253, '食物櫃', '醃製、乾貨', '日曬老菜脯', '3701', 90, '老菜脯富含維他命C、維他命P與鈣質', '100g', 'PG3701'),
(254, '食物櫃', '醃製、乾貨', '木須香料', '3702', 150, '天然香料，新鮮直送', '50g/bag', 'PG3702'),
(255, '食物櫃', '醃製、乾貨', '金門高粱酒糟酸白菜(清香)', '3703', 160, '無任何的添加物，只有白菜與鹽，其他就是等待時間的醞釀-發酵', '600g', 'PG3703'),
(256, '食物櫃', '醬料', '芝麻油', '3801', 409, '高溫製程之純芝麻油氣味濃香', '450ml/瓶', 'PG3801'),
(257, '食物櫃', '醬料', '手作黑糖', '3802', 155, '新鮮甘蔗慢火熬煮', '150g/bag', 'PG3802'),
(258, '食物櫃', '醬料', '金味噌', '3803', 215, '熟成三個月的金味噌，豆香十足鹹中帶甜', '250ml/瓶', 'PG3803'),
(259, '食物櫃', '醬料', '國產黑芝麻油(大)', '3804', 809, '高溫製程之純芝麻油氣味濃香', '520ml/瓶', 'PG3804'),
(260, '食物櫃', '醬料', '麴釀壺底醬油(黃豆)', '3805', 198, '甜醬油是以水、黃豆汁、麵粉、糖、鹽、香菇等材料製成，由於顏色很深、略帶甘甜味且不會太鹹', '400ml/瓶', 'PG3805'),
(261, '食物櫃', '醬料', '麴釀壺底醬油(園級)', '3806', 398, '香醇馥郁的醬油總是為料理畫龍點睛', '400ml/瓶', 'PG3806'),
(262, '食物櫃', '醬料', '麴釀壺底醬油', '3807', 198, '一般餐桌上菜餚的醬油，顏色較深，香氣稍強', '400ml/瓶', 'PG3807'),
(263, '食物櫃', '醬料', '麴釀壺底醬油', '3808', 298, '一般餐桌上菜餚的醬油，顏色較深，香氣稍強', '400ml/瓶', 'PG3808'),
(264, '食物櫃', '醬料', '濃口醬油', '3809', 250, '香醇馥郁的醬油總是為料理畫龍點睛', '420ml/瓶', 'PG3809'),
(265, '海鮮類', '海鮮', '小管', '4101', 145, '鮮度可以在很短的時間出來', '274g', 'PG4101'),
(266, '海鮮類', '海鮮', '文蛤', '4102', 200, '鮮度可以在很短的時間出來', '600g', 'PG4102'),
(267, '海鮮類', '海鮮', '日本原裝明太子', '4103', 783, '道地日本精心醃製口味', '3盒約80g/盒', 'PG4103'),
(268, '海鮮類', '海鮮', '日本原裝明太子', '4104', 1090, '道地日本精心醃製口味', '3盒約80g/盒', 'PG4104'),
(269, '海鮮類', '海鮮', '加拿大直送頂級波士頓龍蝦', '4105', 1264, '純淨海洋的頂級龍蝦本身帶海鹽', '2隻組500g/隻', 'PG4105'),
(270, '海鮮類', '海鮮', '加拿大直送頂級波士頓龍蝦', '4106', 2350, '純淨海洋的頂級龍蝦本身帶海鹽', '4隻組450g/隻', 'PG4106'),
(271, '海鮮類', '海鮮', '加拿大直送頂級波士頓龍蝦', '4107', 2448, '純淨海洋的頂級龍蝦本身帶海鹽', '4隻組500g/隻', 'PG4107'),
(272, '海鮮類', '海鮮', '加拿大熟凍波士頓龍蝦', '4108', 984, '肉質甜美Q彈\n加拿大產地直送', '3隻325g/隻', 'PG4108'),
(273, '海鮮類', '海鮮', '加勒比海八盎司龍蝦', '4109', 1280, '彈牙芳香的蝦味\n如置身在豐富海洋?優游!\n頂級甜蝦解凍後可直接食用', '2尾約220g/尾', 'PG4109'),
(274, '海鮮類', '海鮮', '加勒比海八盎司龍蝦', '4110', 1500, '彈牙芳香的蝦味\n如置身在豐富海洋?優游!\n頂級甜蝦解凍後可直接食用', '3尾約220g/尾', 'PG4110'),
(275, '海鮮類', '海鮮', '加勒比海八盎司龍蝦', '4111', 2448, '彈牙芳香的蝦味\n如置身在豐富海洋?優游!\n頂級甜蝦解凍後可直接食用', '5尾約220g/尾', 'PG4111'),
(276, '海鮮類', '海鮮', '北海道生食干貝', '4112', 1400, '金黃色的鐵板燒干貝\n油脂所散發的香氣\n一絲一絲富彈性口感', '1盒500g/禮盒', 'PG4112'),
(277, '海鮮類', '海鮮', '北海道生食干貝', '4113', 2465, '金黃色的鐵板燒干貝\n油脂所散發的香氣\n一絲一絲富彈性口感', '1盒1kg/約20顆', 'PG4113'),
(278, '海鮮類', '海鮮', '北海道生食干貝', '4114', 2490, '金黃色的鐵板燒干貝\n油脂所散發的香氣\n一絲一絲富彈性口感', '1盒1kg/約23顆', 'PG4114'),
(279, '海鮮類', '海鮮', '生鮮干貝', '4115', 129, '鮮度可以在很短的時間出來', '184g', 'PG4115'),
(280, '海鮮類', '海鮮', '吻仔魚', '4116', 79, '新鮮保藏', '130g', 'PG4116'),
(281, '海鮮類', '海鮮', '刻花魷魚', '4117', 515, '保留最鮮海味。肉質鮮甜\n爽脆Q彈、厚實好嚼勁', '5包組250g/包', 'PG4117'),
(282, '海鮮類', '海鮮', '有卵活凍三點蟹', '4118', 1569, '新鮮直送', '3盒', 'PG4118'),
(283, '海鮮類', '海鮮', '有卵活凍三點蟹', '4119', 2495, '鮮度可以在很短的時間出來', '5盒', 'PG4119'),
(284, '海鮮類', '海鮮', '紅蝦仁', '4120', 80, '鮮度可以在很短的時間出來', '136g', 'PG4120'),
(285, '海鮮類', '海鮮', '新鮮活凍大白蝦', '4121', 806, '急速生凍，新鮮保證\n大尾肥厚，彈牙扎實\n蝦頭蝦身緊密接合，超新鮮', '700g/盒 共2盒', 'PG4121'),
(286, '海鮮類', '海鮮', '新鮮活凍大白蝦', '4122', 1066, '急速生凍，新鮮保證\n大尾肥厚，彈牙扎實\n蝦頭蝦身緊密接合，超新鮮', '700g/盒 共3盒', 'PG4122'),
(287, '海鮮類', '海鮮', '新鮮活凍大白蝦', '4123', 1200, '急速生凍，新鮮保證\n大尾肥厚，彈牙扎實\n蝦頭蝦身緊密接合，超新鮮', '700g/盒 共4盒', 'PG4123'),
(288, '海鮮類', '海鮮', '新鮮活凍大白蝦', '4124', 1200, '急速生凍，新鮮保證\n大尾肥厚，彈牙扎實\n蝦頭蝦身緊密接合，超新鮮', '700g/盒 共4盒', 'PG4124'),
(289, '海鮮類', '海鮮', '特大鮮甜明蝦', '4125', 920, '一般蝦類無法比擬的鮮甜美味\n肉質結實且富有彈性', '1盒5尾裝/盒/450g', 'PG4125'),
(290, '海鮮類', '海鮮', '特大鮮甜明蝦', '4126', 1071, '一般蝦類無法比擬的鮮甜美味\n肉質結實且富有彈性', '1盒8尾裝/盒/450g', 'PG4126'),
(291, '海鮮類', '海鮮', '特大鮮甜明蝦', '4127', 1980, '一般蝦類無法比擬的鮮甜美味\n肉質結實且富有彈性', '2盒5尾裝/盒/450g', 'PG4127'),
(292, '海鮮類', '海鮮', '特大鮮甜明蝦', '4128', 1988, '一般蝦類無法比擬的鮮甜美味\n肉質結實且富有彈性', '1盒10尾裝/盒/900g', 'PG4128'),
(293, '海鮮類', '海鮮', '草蝦仁', '4129', 199, '純天然環境飼養，外觀黑亮，滋味鮮甜且口感紮實飽滿', '150g', 'PG4129'),
(294, '海鮮類', '海鮮', '頂級生干貝', '4130', 1117, '肉質甘鮮 厚實飽滿\n晶瑩剔透、口感鮮嫩', '3包400g8顆/包', 'PG4130'),
(295, '海鮮類', '海鮮', '頂級生干貝', '4131', 1416, '肉質甘鮮 厚實飽滿\n晶瑩剔透、口感鮮嫩', '4包400g8顆/包', 'PG4131'),
(296, '海鮮類', '海鮮', '頂級生干貝', '4132', 1572, '肉質甘鮮 厚實飽滿\n晶瑩剔透、口感鮮嫩', '禮盒4包400g8顆/包', 'PG4132'),
(297, '海鮮類', '海鮮', '頂級生干貝', '4133', 774, '肉質甘鮮 厚實飽滿\n晶瑩剔透、口感鮮嫩', '2包400g8顆/包', 'PG4133'),
(298, '海鮮類', '海鮮', '澎湖直送鮮活小卷', '4134', 880, '鮮度可以在很短的時間出來', '6包300g/包', 'PG4134'),
(299, '海鮮類', '海鮮', '蝦米', '4135', 53, '肉質甘鮮 厚實飽滿\n晶瑩剔透、口感鮮嫩', '88g', 'PG4135'),
(300, '海鮮類', '海鮮', '魷魚乾', '4136', 169, '肉質鮮甜美', '136g', 'PG4136'),
(301, '海鮮類', '海鮮', '龍蝦', '4137', 619, '鮮度可以在很短的時間出來', '450g/box', 'PG4137'),
(302, '海鮮類', '海鮮', '螺肉', '4138', 239, '肉質鮮甜美', '150g', 'PG4138'),
(303, '海鮮類', '海鮮', '櫻花蝦', '4139', 99, '鮮度可以在很短的時間出來', '40g', 'PG4139'),
(304, '海鮮類', '魚類', '比目魚', '4201', 300, '肉質鮮甜美', '270g', 'PG4201'),
(305, '海鮮類', '魚類', '台南虱目魚皮', '4202', 130, '魚皮含有豐富的膠質、維生素', '300g', 'PG4202'),
(306, '海鮮類', '魚類', '台南虱目魚皮', '4203', 130, '魚皮含有豐富的膠質、維生素', '300g', 'PG4203'),
(307, '海鮮類', '魚類', '台南虱目魚皮', '4204', 130, '魚皮含有豐富的膠質、維生素', '300g', 'PG4204'),
(308, '海鮮類', '魚類', '台灣薄鹽鯖魚片', '4205', 477, '鮮美肉質紮實充滿彈性', '8入', 'PG4205'),
(309, '海鮮類', '魚類', '台灣鮮凍鯖魚', '4206', 620, '鮮度可以在很短的時間出來', '10入', 'PG4206'),
(310, '海鮮類', '魚類', '白帶魚', '4207', 150, '鮮美肉質紮實充滿彈性', '400g', 'PG4207'),
(311, '海鮮類', '魚類', '冰島大比目魚', '4208', 300, '肉質鮮甜美', '270g', 'PG4208'),
(312, '海鮮類', '魚類', '吳郭魚', '4209', 469, '肉質鮮甜美', '2包', 'PG4209'),
(313, '海鮮類', '魚類', '肥美鮭魚厚切', '4210', 285, '肉質鮮甜美', '350g', 'PG4210'),
(314, '海鮮類', '魚類', '虱目魚皮', '4211', 130, '魚皮含有豐富的膠質、維生素', '300g', 'PG4211'),
(315, '海鮮類', '魚類', '虱目魚肚', '4212', 150, '肉質肥美軟嫩沒有土味，新鮮分切急速冷凍，保留最佳肉質和美味', '200g', 'PG4212'),
(316, '海鮮類', '魚類', '虱目魚頭', '4213', 80, '魚腮下邊的肉呈透明的膠狀，裡面富含膠原蛋白', '300g', 'PG4213'),
(317, '海鮮類', '魚類', '金目鱸魚', '4214', 169, '鮮美肉質紮實充滿彈性', '500g', 'PG4214'),
(318, '海鮮類', '魚類', '南方澳吻仔魚', '4215', 79, '新鮮保藏', '130g', 'PG4215'),
(319, '海鮮類', '魚類', '厚切無肚洞扁鱈大比目魚', '4216', 679, '每片均為中段不含肚\n肉質細膩滑嫩，入口即化', '2片組300g/片', 'PG4216'),
(320, '海鮮類', '魚類', '厚切無肚洞扁鱈大比目魚', '4217', 1248, '每片均為中段不含肚\n肉質細膩滑嫩，入口即化', '4片組300g/片', 'PG4217'),
(321, '海鮮類', '魚類', '厚切無肚洞扁鱈大比目魚', '4218', 1272, '每片均為中段不含肚\n肉質細膩滑嫩，入口即化', '禮盒4片組300g/片', 'PG4218'),
(322, '海鮮類', '魚類', '扁魚片', '4219', 36, '肉質鮮甜美', '56g', 'PG4219'),
(323, '海鮮類', '魚類', '省產鯖魚一夜干', '4220', 395, '肉質鮮甜美', '10片組130g/片', 'PG4220'),
(324, '海鮮類', '魚類', '秋刀魚', '4221', 45, '肉質鮮甜美', '378g', 'PG4221'),
(325, '海鮮類', '魚類', '挪威特大鮭魚片', '4222', 159, '肉質鮮甜美', '300g', 'PG4222'),
(326, '海鮮類', '魚類', '挪威深海薄鹽鯖魚片', '4223', 79, '鮮度可以在很短的時間出來', '190g', 'PG4223'),
(327, '海鮮類', '魚類', '挪威薄鹽鯖魚片', '4224', 79, '新鮮直送', '190g', 'PG4224'),
(328, '海鮮類', '魚類', '挪威薄鹽鯖魚一夜干', '4225', 90, '鮮美肉質紮實充滿彈性', '300g', 'PG4225'),
(329, '海鮮類', '魚類', '挪威鯖魚片', '4226', 79, '肉質鮮甜美', '190g', 'PG4226'),
(330, '海鮮類', '魚類', '挪威鹽漬鯖魚', '4227', 149, '鮮美肉質紮實充滿彈性', '1入', 'PG4227'),
(331, '海鮮類', '魚類', '頂級挪威鯖魚', '4228', 75, '肉質鮮甜美', '172g', 'PG4228'),
(332, '海鮮類', '魚類', '頂級格陵蘭大比目魚厚切', '4229', 129, '肉質鮮甜美', '375g', 'PG4229'),
(333, '海鮮類', '魚類', '智利鮭魚', '4230', 259, '新鮮直送', '500g', 'PG4230'),
(334, '海鮮類', '魚類', '智利鮭魚片', '4231', 722, '頂級智利煙燻鮭魚片，採用智利頂級鮭魚，超新鮮', '5包', 'PG4231'),
(335, '海鮮類', '魚類', '黑鮪魚片', '4232', 124, '鮮度可以在很短的時間出來', '214g', 'PG4232'),
(336, '海鮮類', '魚類', '煙燻鮭魚', '4233', 722, '頂級智利煙燻鮭魚片，採用智利頂級鮭魚，超新鮮', '5包', 'PG4233'),
(337, '海鮮類', '魚類', '旗魚切片', '4234', 105, '鮮度可以在很短的時間出來', '204g', 'PG4234'),
(338, '海鮮類', '魚類', '牛奶虱目魚肚', '4235', 450, '鮮美肉質紮實充滿彈性', '2入180g/入', 'PG4235'),
(339, '海鮮類', '魚類', '新鮮鮭魚', '4236', 158, '肉質鮮甜美', '300g', 'PG4236'),
(340, '海鮮類', '魚類', '鮭魚厚切', '4237', 158, '鮮美肉質紮實充滿彈性', '300g', 'PG4237'),
(341, '海鮮類', '魚類', '鮮凍優質肉魚', '4238', 687, '鮮美肉質紮實充滿彈性', '18尾', 'PG4238'),
(342, '海鮮類', '魚類', '鮮凍優質肉魚', '4239', 1373, '鮮美肉質紮實充滿彈性', '30尾', 'PG4239'),
(343, '海鮮類', '魚類', '鯛魚', '4240', 158, '新鮮直送', '1入', 'PG4240'),
(344, '海鮮類', '魚類', '鯛魚', '4241', 49, '鮮美肉質紮實充滿彈性', '146g', 'PG4241'),
(345, '海鮮類', '魚類', '挪威鯖魚一夜干', '4242', 149, '鮮美肉質紮實充滿彈性', '1入', 'PG4242'),
(346, '海鮮類', '魚類', '鹹水吳郭魚', '4243', 469, '肉質鮮甜美', '2包', 'PG4243'),
(347, '海鮮類', '魚類', '鹹魚', '4244', 139, '鮮美肉質紮實充滿彈性', '476g/片', 'PG4244'),
(348, '海鮮類', '魚類', '鱈魚', '4245', 220, '鮮美肉質紮實充滿彈性', '200g', 'PG4245'),
(349, '海鮮類', '魚類', '鱈魚', '4246', 194, '鮮美肉質紮實充滿彈性', '388g/片', 'PG4246'),
(350, '新鮮水果', '新鮮水果', '陽光奇異果', '5101', 95, '新鮮直送', '3入', 'PG5101'),
(351, '新鮮水果', '新鮮水果', '小黃瓜', '5102', 37, '新鮮直送', '262g', 'PG5102'),
(352, '新鮮水果', '新鮮水果', '木瓜', '5103', 298, '嚴選台灣屏東土地種植，台農2號中春木瓜名號響噹噹，光滑微黃的外皮，顆顆飽滿結實，濃郁的香氣迷人', '2入', 'PG5103'),
(353, '新鮮水果', '新鮮水果', '牛番茄', '5104', 79, '新鮮直送', '398g', 'PG5104'),
(354, '新鮮水果', '新鮮水果', '巨峰葡萄', '5105', 111, '新鮮直送', '518g', 'PG5105'),
(355, '新鮮水果', '新鮮水果', '芭樂', '5106', 99, '新鮮直送', '1.2kg/bag', 'PG5106'),
(356, '新鮮水果', '新鮮水果', '鳳梨', '5107', 75, '新鮮直送，嚴格把關', '1.5g', 'PG5107'),
(357, '新鮮水果', '新鮮水果', '台農2號木瓜', '5108', 298, '嚴選台灣屏東土地種植，台農2號中春木瓜名號響噹噹，光滑微黃的外皮，顆顆飽滿結實，濃郁的香氣迷人', '2入', 'PG5108'),
(358, '新鮮水果', '新鮮水果', '台農2號木瓜', '5109', 499, '嚴選台灣屏東土地種植，台農2號中春木瓜名號響噹噹，光滑微黃的外皮，顆顆飽滿結實，濃郁的香氣迷人', '4入', 'PG5109'),
(359, '新鮮水果', '新鮮水果', '台農2號木瓜', '5110', 654, '嚴選台灣屏東土地種植，台農2號中春木瓜名號響噹噹，光滑微黃的外皮，顆顆飽滿結實，濃郁的香氣迷人', '6入', 'PG5110'),
(360, '新鮮水果', '新鮮水果', '台農2號木瓜', '5111', 869, '嚴選台灣屏東土地種植，台農2號中春木瓜名號響噹噹，光滑微黃的外皮，顆顆飽滿結實，濃郁的香氣迷人', '10入', 'PG5111'),
(361, '新鮮水果', '新鮮水果', '珍珠芭樂', '5112', 19, '新鮮直送，嚴格把關', '292', 'PG5112'),
(362, '新鮮水果', '新鮮水果', '紅肉火龍果', '5113', 59, '新鮮直送，嚴格把關', '658g', 'PG5113'),
(363, '新鮮水果', '新鮮水果', '紅肉火龍果', '5114', 59, '新鮮直送，嚴格把關', '658g', 'PG5114'),
(364, '新鮮水果', '新鮮水果', '紅蘿蔔', '5115', 65, '農場堅持有機栽培，自然生長', '500g/條', 'PG5115'),
(365, '新鮮水果', '新鮮水果', '美國進口柳橙', '5116', 55, '新鮮直送，嚴格把關', '5入', 'PG5116'),
(366, '新鮮水果', '新鮮水果', '胡瓜', '5117', 60, '口感清脆，低熱量又高纖的高飽足感蔬菜。快炒或涼拌生吃皆可', '500g', 'PG5117'),
(367, '新鮮水果', '新鮮水果', '苦瓜', '5118', 55, '口感爽脆，可以生吃也可以熟吃。苦瓜特別是維他命C的含量居瓜類之冠，有瓜中C王之稱', '300g', 'PG5118'),
(368, '新鮮水果', '新鮮水果', '香吉士', '5119', 15, '新鮮直送，嚴格把關', '148g', 'PG5119'),
(369, '新鮮水果', '新鮮水果', '香蕉', '5120', 40, '新鮮直送，嚴格把關', '1.38kg', 'PG5120'),
(370, '新鮮水果', '新鮮水果', '紐西蘭綠奇異果', '5121', 35, '紐西蘭新鮮直送', '212g/顆', 'PG5121'),
(371, '新鮮水果', '新鮮水果', '甜櫻桃', '5122', 1500, '全程低溫空運抵台，確保新鮮無虞。櫻桃顆粒碩大26.6mm以上', '1kg/盒', 'PG5122'),
(372, '新鮮水果', '新鮮水果', '富士蘋果', '5123', 28, '新鮮直送，嚴格把關', '222g', 'PG5123'),
(373, '新鮮水果', '新鮮水果', '富士蘋果(大)', '5124', 49, '新鮮直送，嚴格把關', '302g', 'PG5124'),
(374, '新鮮水果', '新鮮水果', '富士蘋果(小)', '5125', 18, '新鮮直送，嚴格把關', '188g', 'PG5125'),
(375, '新鮮水果', '新鮮水果', '絲瓜', '5126', 75, '絲瓜性屬甘涼，夏季食用可幫助清熱消暑、降火氣', '450g', 'PG5126'),
(376, '新鮮水果', '新鮮水果', '進口青花菜', '5127', 79, '新鮮直送，嚴格把關', '2入/盒', 'PG5127'),
(377, '新鮮水果', '新鮮水果', '進口酪梨', '5128', 87, '新鮮直送，嚴格把關', '440g', 'PG5128'),
(378, '新鮮水果', '新鮮水果', '黃金奇異果', '5129', 150, '紐西蘭新鮮直送', '510g/5顆', 'PG5129'),
(379, '新鮮水果', '新鮮水果', '聖女番茄', '5130', 149, '友善農法,皮薄肉嫩,口碑推薦', '350g', 'PG5130'),
(380, '新鮮水果', '新鮮水果', '蒲瓜', '5131', 119, '吃法多種多樣，既可燒湯，又可做菜，既能醃製，也能幹曬。燒湯清香四飄', '600g', 'PG5131'),
(381, '新鮮水果', '新鮮水果', '檸檬', '5132', 150, '新鮮直送，嚴格把關', '300g', 'PG5132'),
(382, '新鮮蔬菜', '未分類', '大辣椒', '6101', 18, '網羅產地好食材自然栽培新鮮蔬果', '100g/bag', 'PG6101'),
(383, '新鮮蔬菜', '未分類', '小辣椒', '6102', 15, '網羅產地好食材自然栽培新鮮蔬果', '50g/bag', 'PG6102'),
(384, '新鮮蔬菜', '未分類', '牛番茄', '6103', 46, '網羅產地好食材自然栽培新鮮蔬果', '300g', 'PG6103'),
(385, '新鮮蔬菜', '未分類', '玉米筍', '6104', 35, '新鮮直送', '300g', 'PG6104'),
(386, '新鮮蔬菜', '未分類', '玉米筍', '6105', 35, '新鮮直送', '300g', 'PG6105'),
(387, '新鮮蔬菜', '未分類', '白花菜', '6106', 95, '新鮮直送', '300g', 'PG6106'),
(388, '新鮮蔬菜', '未分類', '白蘿蔔', '6107', 23, '新鮮直送', '780g', 'PG6107'),
(389, '新鮮蔬菜', '未分類', '有機金針菇', '6108', 45, '新鮮直送', '120g/bag', 'PG6108'),
(390, '新鮮蔬菜', '未分類', '有機鴻喜菇', '6109', 33, '台灣有機鴻喜菇　每袋約120克\n無污染原料栽種，不使用農藥，溫室控制濕度栽培。', '120g/bag', 'PG6109'),
(391, '新鮮蔬菜', '未分類', '杏鮑菇', '6110', 109, '溫控栽培，火鍋好滋味', '1kg/bag', 'PG6110'),
(392, '新鮮蔬菜', '未分類', '青花菜', '6111', 104, '新鮮直送', '250g', 'PG6111'),
(393, '新鮮蔬菜', '未分類', '青椒', '6112', 55, '新鮮直送', '324g', 'PG6112'),
(394, '新鮮蔬菜', '未分類', '蔥', '6113', 24, '新鮮直送', '146g', 'PG6113'),
(395, '新鮮蔬菜', '未分類', '洋蔥', '6114', 15, '新鮮直送', '350g', 'PG6114'),
(396, '新鮮蔬菜', '未分類', '洋蔥', '6115', 28, '新鮮直送', '274g', 'PG6115'),
(397, '新鮮蔬菜', '未分類', '洋蔥', '6116', 30, '新鮮直送', '289g', 'PG6116'),
(398, '新鮮蔬菜', '未分類', '紅甜椒', '6117', 95, '新鮮直送', '446g', 'PG6117'),
(399, '新鮮蔬菜', '未分類', '紅蔥頭', '6118', 28, '新鮮直送', '138g', 'PG6118'),
(400, '新鮮蔬菜', '未分類', '茄子', '6119', 39, '新鮮直送', '328g', 'PG6119'),
(401, '新鮮蔬菜', '未分類', '茄子', '6120', 39, '新鮮直送', '328g', 'PG6120'),
(402, '新鮮蔬菜', '未分類', '馬鈴薯', '6121', 38, '新鮮直送', '504g', 'PG6121'),
(403, '新鮮蔬菜', '未分類', '甜玉米', '6122', 50, '新鮮直送', '440g', 'PG6122'),
(404, '新鮮蔬菜', '未分類', '黑木耳', '6123', 32, '新鮮直送', '200g', 'PG6123'),
(405, '新鮮蔬菜', '未分類', '蒜仁', '6124', 30, '新鮮直送', '100g', 'PG6124'),
(406, '新鮮蔬菜', '未分類', '蒜苗', '6125', 49, '新鮮直送', '156g', 'PG6125'),
(407, '新鮮蔬菜', '未分類', '履歷地瓜', '6126', 65, '新鮮直送', '1.2g/bag', 'PG6126'),
(408, '新鮮蔬菜', '未分類', '履歷烏殼綠竹筍', '6127', 95, '來自嘉義大林農會，採收未曬到太陽前的筍子，真空保鮮，纖維細緻甜美。', '800g', 'PG6127'),
(409, '新鮮蔬菜', '未分類', '整顆蒜頭', '6128', 55, '新鮮直送', '300g', 'PG6128'),
(410, '新鮮蔬菜', '未分類', '霸王洋菇', '6129', 75, '新鮮直送', '206g', 'PG6129'),
(411, '新鮮蔬菜', '未分類', '大蒜', '6130', 80, '新鮮直送', '100g', 'PG6130'),
(412, '新鮮蔬菜', '瓜類', '大黃瓜', '6201', 69, '新鮮直送', '620g', 'PG6201'),
(413, '新鮮蔬菜', '瓜類', '小黃瓜', '6202', 37, '新鮮直送', '262g', 'PG6202'),
(414, '新鮮蔬菜', '瓜類', '冬瓜', '6203', 35, '營養價值高', '630g', 'PG6203'),
(415, '新鮮蔬菜', '瓜類', '南瓜', '6204', 65, '營養價值高', '1kg', 'PG6204'),
(416, '新鮮蔬菜', '瓜類', '胡瓜', '6205', 60, '口感清脆，低熱量又高纖的高飽足感蔬菜。快炒或涼拌生吃皆可', '500g', 'PG6205'),
(417, '新鮮蔬菜', '瓜類', '苦瓜', '6206', 55, '口感爽脆，可以生吃也可以熟吃。苦瓜特別是維他命C的含量居瓜類之冠，有瓜中C王之稱', '300g', 'PG6206'),
(418, '新鮮蔬菜', '瓜類', '絲瓜', '6207', 75, '絲瓜性屬甘涼，夏季食用可幫助清熱消暑、降火氣', '450g', 'PG6207'),
(419, '新鮮蔬菜', '豆類', '四季豆', '6301', 85, '豆莢的纖維質含量並不輸給葉菜類蔬菜', '275g', 'PG6301'),
(420, '新鮮蔬菜', '豆類', '栗子', '6302', 1960, '金黃色的果仁，金黃油亮、飽滿紮實、口感鬆甜', '5台斤', 'PG6302'),
(421, '新鮮蔬菜', '豆類', '甜豌豆', '6303', 105, '新鮮豌豆富含維生素C', '200g/bag', 'PG6303'),
(422, '新鮮蔬菜', '豆類', '豌豆', '6304', 105, '新鮮豌豆富含維生素C', '200g/bag', 'PG6304'),
(423, '新鮮蔬菜', '豆類', '豌豆苗', '6305', 65, '豌豆苗為豌豆的嫩莖葉，味道香甜、有豐富的蛋白質', '190g', 'PG6305'),
(424, '新鮮蔬菜', '芽菜類', '豆芽菜', '6401', 32, '新鮮直送', '200g', 'PG6401'),
(425, '新鮮蔬菜', '香料', '九層塔', '6501', 10, '無農藥營養升級', '52g', 'PG6501'),
(426, '新鮮蔬菜', '香料', '香菜', '6502', 22, '新鮮直送', '68g', 'PG6502'),
(427, '新鮮蔬菜', '根莖類', '日本山藥', '6601', 149, '日本直送', '1條真空包裝', 'PG6601'),
(428, '新鮮蔬菜', '根莖類', '牛蒡', '6602', 145, '牛蒡含豐富的膳食纖維，纖維中的菊糖是腸道益生菌的重要養分', '500g/box', 'PG6602'),
(429, '新鮮蔬菜', '根莖類', '台灣山藥', '6603', 149, '無農藥營養升級', '379g', 'PG6603'),
(430, '新鮮蔬菜', '根莖類', '台灣山藥', '6604', 149, '無農藥營養升級', '379g', 'PG6604'),
(431, '新鮮蔬菜', '根莖類', '白蘿蔔', '6605', 55, '適合熬湯', '878g/條', 'PG6605'),
(432, '新鮮蔬菜', '根莖類', '地瓜', '6606', 20, '營養價值高', '388g', 'PG6606'),
(433, '新鮮蔬菜', '根莖類', '青蘆筍', '6607', 199, '無農藥營養升級', '280g', 'PG6607'),
(434, '新鮮蔬菜', '根莖類', '紅蘿蔔', '6608', 65, '農場堅持有機栽培，自然生長', '500g/條', 'PG6608'),
(435, '新鮮蔬菜', '根莖類', '苜蓿芽', '6609', 55, '農場堅持有機栽培，自然生長', '160g', 'PG6609'),
(436, '新鮮蔬菜', '根莖類', '馬鈴薯', '6610', 75, '營養價值高', '500g', 'PG6610'),
(437, '新鮮蔬菜', '根莖類', '筊白筍', '6611', 160, '筊白筍嫩脆鮮美，纖維含量、水分都相當豐富，熱量相當低，且富含的維生素、礦物質可促進新陳代謝、維持正常生理機能。', '500g', 'PG6611'),
(438, '新鮮蔬菜', '根莖類', '黃秋葵', '6612', 55, '農場堅持有機栽培，自然生長', '168g', 'PG6612'),
(439, '新鮮蔬菜', '根莖類', '生薑', '6613', 48, '新鮮直送', '300g', 'PG6613'),
(440, '新鮮蔬菜', '根莖類', '薑絲', '6614', 10, '新鮮直送', '60g', 'PG6614'),
(441, '新鮮蔬菜', '菇類', '木耳', '6701', 32, '新鮮直送', '200g', 'PG6701'),
(442, '新鮮蔬菜', '菇類', '杏鮑菇', '6702', 109, '溫控栽培，火鍋好滋味', '1kg/bag', 'PG6702'),
(443, '新鮮蔬菜', '菇類', '秀針菇', '6703', 13, '溫控栽培，火鍋好滋味', '200g/bag', 'PG6703'),
(444, '新鮮蔬菜', '菇類', '金針菇', '6704', 13, '溫控栽培，火鍋好滋味', '200g/bag', 'PG6704'),
(445, '新鮮蔬菜', '菇類', '蘑菇', '6705', 85, '溫控栽培，火鍋好滋味', '200g/bag', 'PG6705'),
(446, '新鮮蔬菜', '菇類', '雪白菇', '6706', 33, '無污染原料栽種，不使用農藥', '120g/bag', 'PG6706'),
(447, '新鮮蔬菜', '菇類', '黑珍珠菇', '6707', 199, '無污染原料栽種，不使用農藥', '500g/bag', 'PG6707'),
(448, '新鮮蔬菜', '菇類', '新鮮香菇', '6708', 89, '無污染原料栽種，不使用農藥', '300g/bag', 'PG6708'),
(449, '新鮮蔬菜', '菇類', '鴻喜菇', '6709', 33, '台灣有機鴻喜菇　每袋約120克\n無污染原料栽種，不使用農藥，溫室控制濕度栽培。', '120g/bag', 'PG6709'),
(450, '新鮮蔬菜', '葉菜類', 'A菜', '6801', 45, '台灣產銷履歷', '250g', 'PG6801'),
(451, '新鮮蔬菜', '葉菜類', '大白菜', '6802', 32, '台灣產銷履歷', '250g/bag', 'PG6802'),
(452, '新鮮蔬菜', '葉菜類', '大陸妹菜', '6803', 49, '台灣產銷履歷', '250g/bag', 'PG6803'),
(453, '新鮮蔬菜', '葉菜類', '小白菜', '6804', 19, '台灣產', '250g/bag', 'PG6804'),
(454, '新鮮蔬菜', '葉菜類', '小白菜', '6805', 32, '台灣產銷履歷', '250g/bag', 'PG6805'),
(455, '新鮮蔬菜', '葉菜類', '水蓮', '6806', 56, '清脆的口感，只要下鍋快速翻炒一分鐘即可盛盤。', '185g/bag', 'PG6806'),
(456, '新鮮蔬菜', '葉菜類', '水蓮菜', '6807', 56, '清脆的口感，只要下鍋快速翻炒一分鐘即可盛盤。', '185g/bag', 'PG6807'),
(457, '新鮮蔬菜', '葉菜類', '地瓜菜葉', '6808', 29, '台灣產銷履歷', '250g', 'PG6808'),
(458, '新鮮蔬菜', '葉菜類', '地瓜葉', '6809', 38, '台灣產銷履歷', '250g', 'PG6809'),
(459, '新鮮蔬菜', '葉菜類', '有機小白菜', '6810', 32, '台灣產銷履歷', '250g/bag', 'PG6810'),
(460, '新鮮蔬菜', '葉菜類', '有機白莧菜', '6811', 56, '耕作的過程中，依循大自然法則，堅持不使用化肥和農藥，溫室蔬果栽培', '250g/bag', 'PG6811'),
(461, '新鮮蔬菜', '葉菜類', '西芹', '6812', 49, '台灣產銷履歷', '250g/bag', 'PG6812'),
(462, '新鮮蔬菜', '葉菜類', '油菜', '6813', 20, '台灣產銷履歷', '250g/bag', 'PG6813'),
(463, '新鮮蔬菜', '葉菜類', '油菜', '6814', 20, '台灣產銷履歷', '250g/bag', 'PG6814'),
(464, '新鮮蔬菜', '葉菜類', '空心菜', '6815', 36, '台灣產', '250g/bag', 'PG6815'),
(465, '新鮮蔬菜', '葉菜類', '芥菜', '6816', 20, '台灣產銷履歷', '250g/bag', 'PG6816'),
(466, '新鮮蔬菜', '葉菜類', '芹菜', '6817', 59, '清爽香氣新鮮直送', '250g/bag', 'PG6817'),
(467, '新鮮蔬菜', '葉菜類', '青江菜', '6818', 24, '台灣產銷履歷', '250g/bag', 'PG6818'),
(468, '新鮮蔬菜', '葉菜類', '青江菜', '6819', 24, '台灣產銷履歷', '250g/bag', 'PG6819'),
(469, '新鮮蔬菜', '葉菜類', '韭菜', '6820', 45, '清爽香氣新鮮直送', '250g/bag', 'PG6820'),
(470, '新鮮蔬菜', '葉菜類', '韭菜花', '6821', 50, '新鮮職種', '180g/bag', 'PG6821'),
(471, '新鮮蔬菜', '葉菜類', '高山娃娃菜', '6822', 49, '新鮮直送清脆', '200g/box', 'PG6822'),
(472, '新鮮蔬菜', '葉菜類', '高山娃娃菜', '6823', 49, '新鮮直送清脆', '200g/box', 'PG6823'),
(473, '新鮮蔬菜', '葉菜類', '高山高麗菜', '6824', 220, '以有機肥和酵素為植株補充養分，加上地理環境條件加持', '1顆', 'PG6824'),
(474, '新鮮蔬菜', '葉菜類', '高麗菜', '6825', 89, '口感清脆新鮮', '1顆', 'PG6825'),
(475, '新鮮蔬菜', '葉菜類', '菠菜', '6826', 50, '台灣產銷履歷', '250g/bag', 'PG6826'),
(476, '新鮮蔬菜', '葉菜類', '龍鬚菜', '6827', 68, '新鮮直送', '250g/bag', 'PG6827'),
(477, '新鮮蔬菜', '葉菜類', '紫高麗菜', '6828', 89, '新鮮直送', '1顆', 'PG6828');

-- --------------------------------------------------------

--
-- 資料表結構 `ingredients`
--

CREATE TABLE `ingredients` (
  `id` int(11) NOT NULL,
  `sid` int(11) NOT NULL,
  `ingredients_img` varchar(255) NOT NULL,
  `ingredients_name` varchar(255) NOT NULL,
  `ingredients_id` varchar(255) NOT NULL
) ENGINE=InnoDB DEFAULT CHARSET=utf8;

--
-- 資料表的匯出資料 `ingredients`
--

INSERT INTO `ingredients` (`id`, `sid`, `ingredients_img`, `ingredients_name`, `ingredients_id`) VALUES
(1, 1, 'PG6613', '1個拇指大的生薑', '6613'),
(2, 2, 'PG1515', '720克嫩雞肉', '1515'),
(3, 3, 'PG3203', '1杯米', '3203'),
(4, 4, 'PG6705', '240克蘑菇', '6705'),
(5, 5, 'PG6613', '1個拇指大的生薑', '6613'),
(6, 6, 'PG6804', '4顆小白菜', '6804'),
(7, 7, 'PG6113', '4根蔥', '6113'),
(8, 8, 'PG6301', '240克扁豆', '6301'),
(9, 9, 'PG6613', '1個拇指大的生薑', '6613'),
(10, 10, 'PG6804', '4顆小白菜', '6804'),
(11, 1, 'PG6113', '2根蔥', '6113'),
(12, 2, 'PG6301', '360克四季豆', '6301'),
(13, 3, 'PG6130', '4分之1大蒜', '6130'),
(14, 4, 'PG6301', '360克四季豆', '6301'),
(15, 5, 'PG6113', '4根蔥', '6113'),
(16, 6, 'PG6113', '4根蔥', '6113'),
(17, 7, 'PG6608', '6顆蘿蔔', '6608'),
(18, 8, 'PG5132', '1顆檸檬', '5132'),
(19, 9, 'PG6130', '4辦大蒜', '6130'),
(20, 10, 'PG6113', '4根蔥', '6113'),
(21, 1, 'PG6117', '1顆紅甜椒', '6117'),
(22, 2, 'PG3204', '480克烏冬麵', '3204'),
(23, 3, 'PG6613', '2個拇指大的生薑', '6613'),
(24, 4, 'PG6608', '2根胡蘿蔔', '6608'),
(25, 5, 'PG1104', '600克碎牛肉', '1104'),
(26, 6, 'PG6613', '2個拇指大的生薑', '6613'),
(27, 7, 'PG6705', '240克蘑菇', '6705'),
(28, 8, 'PG6613', '1個拇指大的生薑', '6613'),
(29, 9, 'PG6113', '4根蔥', '6113'),
(30, 10, 'PG6613', '2個拇指大的生薑', '6613'),
(31, 1, 'PG6112', '1顆青椒', '6112'),
(32, 2, 'PG6613', '2個拇指大的生薑', '6613'),
(33, 3, 'PG6113', '4根蔥', '6113'),
(34, 4, 'PG3204', '480克烏冬麵', '3204'),
(35, 5, 'PG3404', '?杯麵包屑', '3404'),
(36, 6, 'PG6130', '4分之1大蒜', '6130'),
(37, 7, 'PG6828', '240克紫高麗菜', '6828'),
(38, 8, 'PG6130', '2辦大蒜', '6130'),
(39, 9, 'PG6828', '240克紫高麗菜', '6828'),
(40, 10, 'PG6130', '4分之1大蒜', '6130'),
(41, 1, 'PG5107', '240克的鳳梨', '5107'),
(42, 2, 'PG6130', '4分之1大蒜', '6130'),
(43, 3, 'PG3634', '2湯匙海鮮醬', '3634'),
(44, 4, 'PG6613', '2個拇指大的生薑', '6613'),
(45, 5, 'PG3203', '1杯米', '3203'),
(46, 6, 'PG3203', '1杯米', '3203'),
(47, 7, 'PG1326', '600豬絞肉', '1326'),
(48, 8, 'PG3203', '1杯米', '3203'),
(49, 9, 'PG6608', '240克胡蘿蔔絲', '6608'),
(50, 10, 'PG3203', '1杯米', '3203'),
(51, 1, 'PG1515', '720克的雞胸肉', '1515'),
(52, 2, 'PG6705', '240克蘑菇', '6705'),
(53, 3, 'PG3610', '4湯匙醬油', '3610'),
(54, 4, 'PG6130', '4分之1大蒜', '6130'),
(55, 5, 'PG3634', '2湯匙海鮮醬', '3634'),
(56, 6, 'PG3610', '4湯匙醬油', '3610'),
(57, 7, 'PG3702', '2茶匙木須香料', '3702'),
(58, 8, 'PG1515', '720克嫩雞肉', '1515'),
(59, 9, 'PG3632', '4湯匙白葡萄酒醋', '3632'),
(60, 10, 'PG3610', '4湯匙醬油', '3610'),
(61, 1, 'PG3628', '2湯匙玉米澱粉', '3628'),
(62, 2, 'PG6113', '4根蔥', '6113'),
(63, 3, 'PG3402', '8茶匙蜜糖', '3402'),
(64, 4, 'PG6113', '4根蔥', '6113'),
(65, 5, 'PG6301', '240克扁豆', '6301'),
(66, 6, 'PG3634', '2湯匙海鮮醬', '3634'),
(67, 7, 'PG3610', '2湯匙醬油', '3610'),
(68, 8, 'PG3632', '3湯匙白葡萄酒醋', '3632'),
(69, 9, 'PG1326', '480克豬絞肉', '1326'),
(70, 10, 'PG3634', '2湯匙海鮮醬', '3634'),
(71, 1, 'PG3203', '1.5杯米', '3203'),
(72, 2, 'PG3634', '2湯匙海鮮醬', '3634'),
(73, 3, 'PG3636', '2湯匙白芝麻', '3636'),
(74, 4, 'PG3634', '2湯匙海鮮醬', '3634'),
(75, 5, 'PG5132', '1顆檸檬', '5132'),
(76, 6, 'PG3402', '60克蜜糖', '3402'),
(77, 7, 'PG3633', '4湯匙蛋黃醬', '3633'),
(78, 8, 'PG3610', '2湯匙醬油', '3610'),
(79, 9, 'PG3801', '1湯匙芝麻油', '3801'),
(80, 10, 'PG3402', '60克蜜糖', '3402'),
(81, 1, 'PG3629', '30克蘋果醋', '3629'),
(82, 2, 'PG3610', '2湯匙醬油', '3610'),
(83, 3, 'PG1104', '480克牛肉條', '1104'),
(84, 4, 'PG3610', '2湯匙醬油', '3610'),
(85, 5, 'PG3636', '2湯匙芝麻', '3636'),
(86, 6, 'PG1104', '480克牛肉條', '1104'),
(87, 7, 'PG3634', '2湯匙海鮮醬', '3634'),
(88, 8, 'PG3630', '2碗濃縮雞湯', '3630'),
(89, 9, 'PG3610', '4湯匙醬油', '3610'),
(90, 10, 'PG1104', '600克牛肉條', '1104'),
(91, 1, 'PG3610', '4湯匙醬油', '3610'),
(92, 2, 'PG6608', '240克胡蘿蔔絲', '6608'),
(93, 3, 'PG6804', '4顆小白菜', '6804'),
(94, 4, 'PG3402', '2茶匙蜜糖', '3402'),
(95, 5, 'PG3631', '4茶匙植物油', '3631'),
(96, 6, 'PG3636', '2湯匙芝麻', '3636'),
(97, 7, 'PG3413', '8片玉米餅', '3413'),
(98, 8, 'PG3402', '2湯匙蜜糖', '3402'),
(99, 9, 'PG3414', '1包水餃皮', '3414'),
(100, 10, 'PG3637', '2湯匙芝麻', '3637'),
(101, 1, 'PG3630', '1碗濃縮雞湯', '3630'),
(102, 2, 'PG3631', '4茶匙植物油', '3631'),
(103, 3, 'PG3631', '2茶匙植物油', '3631'),
(104, 4, 'PG3801', '1湯匙芝麻油', '3801'),
(105, 5, 'PG3607', '1茶匙糖', '3607'),
(106, 6, 'PG3631', '2茶匙植物油', '3631'),
(107, 7, 'PG3631', '2茶匙植物油', '3631'),
(108, 8, 'PG3631', '4茶匙植物油', '3631'),
(109, 9, 'PG3607', '8茶匙糖', '3607'),
(110, 10, 'PG3631', '1湯匙植物油', '3631'),
(111, 1, 'PG3631', '7茶匙植物油', '3631'),
(112, 2, 'PG3607', '4茶匙糖', '3607'),
(113, 3, 'PG3608', '少許鹽', '3608'),
(114, 4, 'PG3631', '4茶匙植物油', '3631'),
(115, 5, 'PG3608', '少許鹽', '3608'),
(116, 6, 'PG3608', '少許鹽', '3608'),
(117, 7, 'PG3608', '少許鹽', '3608'),
(118, 8, 'PG3608', '少許鹽', '3608'),
(119, 9, 'PG3631', '4湯匙植物油', '3631'),
(120, 10, 'PG3608', '少許鹽', '3608'),
(121, 1, 'PG2201', '2湯匙牛油', '2201'),
(122, 2, 'PG3608', '少許鹽', '3608'),
(123, 3, 'PG3635', '少許胡椒', '3635'),
(124, 4, 'PG3608', '少許鹽', '3608'),
(125, 5, 'PG3635', '少許胡椒', '3635'),
(126, 6, 'PG3635', '少許胡椒', '3635'),
(127, 7, 'PG3635', '少許胡椒', '3635'),
(128, 8, 'PG3635', '少許胡椒', '3635'),
(129, 9, 'PG3608', '少許鹽', '3608'),
(130, 10, 'PG3635', '少許胡椒', '3635'),
(131, 1, 'PG3607', '1茶匙糖', '3607'),
(132, 2, 'PG3635', '少許胡椒', '3635'),
(133, 4, 'PG3635', '少許胡椒', '3635'),
(134, 9, 'PG3635', '少許胡椒', '3635'),
(135, 1, 'PG3608', '少許鹽', '3608'),
(136, 1, 'PG3635', '少許胡椒', '3635'),
(137, 123, 'PG1104', '1單位的牛五花肉絲', '1104'),
(138, 123, 'PG2401', '2單位的大成趴趴走紅雞蛋', '2401'),
(139, 123, 'PG3311', '3單位的虱目魚丸', '3311'),
(140, 123, 'PG4116', '4單位的吻仔魚', '4116'),
(141, 123, 'PG5107', '5單位的金鑽鳳梨', '5107'),
(142, 123, 'PG6803', '6單位的大陸妹菜', '6803'),
(143, 123, 'PG3603', '7單位的牛頭牌沙茶醬', '3603'),
(144, 124, 'PG1105', '7單位的牛五花條肉', '1105'),
(145, 124, 'PG6204', '6單位的南瓜', '6204'),
(146, 124, 'PG5106', '5單位的芭樂', '5106'),
(147, 124, 'PG3601', '4單位的大茂土豆麵筋', '3601'),
(148, 124, 'PG3602', '3單位的工研烏醋', '3602'),
(149, 124, 'PG5107', '2單位的金鑽鳳梨', '5107'),
(150, 124, 'PG3604', '1單位的可果美蕃茄醬', '3604'),
(151, 125, 'PG1104', '4單位的牛五花肉絲', '1104'),
(152, 125, 'PG1106', '4單位的牛肉火鍋肉片', '1106'),
(153, 125, 'PG1319', '4單位的豬五花火鍋肉片', '1319'),
(154, 125, 'PG1514', '4單位的雞翅小腿', '1514'),
(155, 125, 'PG1514', '4單位的雞翅小腿', '1514'),
(156, 125, 'PG1105', '4單位的牛五花條肉', '1105'),
(157, 125, 'PG1514', '1單位的雞翅小腿', '1514');

-- --------------------------------------------------------

--
-- 資料表結構 `ingredients_name`
--

CREATE TABLE `ingredients_name` (
  `id` int(5) NOT NULL,
  `name_1` varchar(30) NOT NULL,
  `name_2` varchar(30) NOT NULL,
  `name_3` varchar(30) NOT NULL,
  `name_4` varchar(30) NOT NULL,
  `name_5` varchar(30) NOT NULL,
  `name_6` varchar(30) NOT NULL,
  `name_7` varchar(30) NOT NULL,
  `name_8` varchar(30) NOT NULL,
  `name_9` varchar(30) NOT NULL,
  `name_10` varchar(30) NOT NULL,
  `name_11` varchar(30) NOT NULL,
  `name_12` varchar(30) NOT NULL,
  `name_13` varchar(30) NOT NULL,
  `name_14` varchar(30) NOT NULL,
  `name_15` varchar(30) NOT NULL,
  `name_16` varchar(30) NOT NULL
) ENGINE=InnoDB DEFAULT CHARSET=utf8;

--
-- 資料表的匯出資料 `ingredients_name`
--

INSERT INTO `ingredients_name` (`id`, `name_1`, `name_2`, `name_3`, `name_4`, `name_5`, `name_6`, `name_7`, `name_8`, `name_9`, `name_10`, `name_11`, `name_12`, `name_13`, `name_14`, `name_15`, `name_16`) VALUES
(1, '1個拇指大的生薑', '2根蔥', '1顆紅甜椒', '1顆青椒', '240克的鳳梨', '720克的雞胸肉', '2湯匙玉米澱粉', '1.5杯米', '30克蘋果醋', '4湯匙醬油', '1碗濃縮雞湯', '7茶匙植物油', '2湯匙牛油', '1茶匙糖', '少許鹽', '少許胡椒'),
(2, '720克嫩雞肉', '360克四季豆', '480克烏冬麵', '2個拇指大的生薑', '4分之1大蒜', '240克蘑菇', '4根蔥', '2湯匙海鮮醬', '2湯匙醬油', '240克胡蘿蔔絲', '4茶匙植物油', '4茶匙糖', '少許鹽', '少許胡椒', '', ''),
(3, '1杯米', '4分之1大蒜', '2個拇指大的生薑', '4根蔥', '2湯匙海鮮醬', '4湯匙醬油', '8茶匙蜜糖', '2湯匙白芝麻', '480克牛肉條', '4顆小白菜', '2茶匙植物油', '少許鹽', '少許胡椒', '', '', ''),
(4, '240克蘑菇', '360克四季豆', '2根胡蘿蔔', '480克烏冬麵', '2個拇指大的生薑', '4分之1大蒜', '4根蔥', '2湯匙海鮮醬', '2湯匙醬油', '2茶匙蜜糖', '1湯匙芝麻油', '4茶匙植物油', '少許鹽', '少許胡椒', '', ''),
(5, '1個拇指大的生薑', '4根蔥', '600克碎牛肉', '?杯麵包屑', '1杯米', '2湯匙海鮮醬', '240克扁豆', '1顆檸檬', '2湯匙芝麻', '4茶匙植物油', '1茶匙糖', '少許鹽', '少許胡椒', '', '', ''),
(6, '4顆小白菜', '4根蔥', '2個拇指大的生薑', '4分之1大蒜', '1杯米', '4湯匙醬油', '2湯匙海鮮醬', '60克蜜糖', '480克牛肉條', '2湯匙芝麻', '2茶匙植物油', '少許鹽', '少許胡椒', '', '', ''),
(7, '4根蔥', '6顆蘿蔔', '240克蘑菇', '240克紫高麗菜', '600豬絞肉', '2茶匙木須香料', '2湯匙醬油', '4湯匙蛋黃醬', '2湯匙海鮮醬', '8片玉米餅', '2茶匙植物油', '少許鹽', '少許胡椒', '', '', ''),
(8, '240克扁豆', '1顆檸檬', '1個拇指大的生薑', '2辦大蒜', '1杯米', '720克嫩雞肉', '3湯匙白葡萄酒醋', '2湯匙醬油', '2碗濃縮雞湯', '2湯匙蜜糖', '4茶匙植物油', '少許鹽', '少許胡椒', '', '', ''),
(9, '1個拇指大的生薑', '4辦大蒜', '4根蔥', '240克紫高麗菜', '240克胡蘿蔔絲', '4湯匙白葡萄酒醋', '480克豬絞肉', '1湯匙芝麻油', '4湯匙醬油', '1包水餃皮', '8茶匙糖', '4湯匙植物油', '少許鹽', '少許胡椒', '', ''),
(10, '4顆小白菜', '4根蔥', '2個拇指大的生薑', '4分之1大蒜', '1杯米', '4湯匙醬油', '2湯匙海鮮醬', '60克蜜糖', '600克牛肉條', '2湯匙芝麻', '1湯匙植物油', '少許鹽', '少許胡椒', '', '', ''),
(11, '720克嫩牛肉', '1杯米', '2湯匙醬油', '2個拇指大的生薑', '4辦大蒜', '1顆紅蔥頭', '2顆紅甜椒', '4顆小白菜', '4茶匙糖', '2湯匙植物油', '少許鹽', '少許胡椒', '', '', '', ''),
(12, '2杯濃縮蔬菜汁', '1杯米', '4根蔥', '2顆檸檬', '8湯匙酸奶油', '2茶匙芥末', '600克鮭魚', '360克四季豆', '2湯匙芝麻', '2湯匙植物油', '2湯匙牛油', '少許鹽', '少許胡椒', '', '', ''),
(13, '720克雞胸肉', '4辦大蒜', '4根蔥', '240克四季豆', '2顆紅蔥頭', '540克蕎麥麵', '4湯匙海鮮醬', '4湯匙醬油', '2湯匙番茄醬', '8根木串', '8茶匙植物油', '', '', '', '', ''),
(14, '4束烏冬麵', '2個拇指大的生薑', '240克蘑菇', '2根韭蔥', '2片海苔', '4根香蔥', '8小杯蔬菜濃縮汁', '4辦大蒜', '2茶匙蘑菇粉', '6湯匙醬油', '3湯匙植物油', '少許鹽', '少許胡椒', '', '', ''),
(15, '2根胡蘿蔔', '4根蔥', '1顆檸檬', '4辦大蒜', '1杯米', '2湯匙芝麻油', '6湯匙醬油', '60克蜜糖', '120克番茄醬', '600克碎牛肉', '1湯匙芝麻', '2茶匙植物油', '少許鹽', '少許胡椒', '', ''),
(16, '1.5杯米', '360克蘆筍', '4根蔥', '1個拇指大的生薑', '720克豬里脊肉', '2湯匙玉米粉', '4湯匙醬油', '4茶匙蜜糖', '4辦大蒜', '2湯匙海鮮醬', '1茶匙植物油', '少許鹽', '少許胡椒', '', '', ''),
(17, '720克三文魚', '4顆小白菜', '2湯匙蔬菜濃縮汁', '1杯米', '1茶匙醬油', '1個拇指大的生薑', '4辦大蒜', '1茶匙芥末醬', '4湯匙蛋黃醬', '4根蔥', '2顆檸檬', '4茶匙植物油', '少許鹽', '少許胡椒', '', ''),
(18, '4捆蕎麥麵', '240克蘑菇', '2顆紅甜椒', '4根蔥', '4辦大蒜', '120克玉米', '8湯匙酸奶油', '?杯帕爾瑪干酪', '2湯匙植物油', '少許鹽', '少許胡椒', '', '', '', '', ''),
(19, '2根蔥', '2辦大蒜', '240克扁豆', '240克鳳梨', '1杯米', '1湯匙芝麻', '720克豬排', '240克胡蘿蔔絲', '3湯匙醬油', '1湯匙芝麻由', '15克蜜糖', '15克羅勒', '4茶匙植物油', '1茶匙糖', '少許鹽', '少許胡椒'),
(20, '2根胡蘿蔔', '4辦大蒜', '4根蔥', '1顆檸檬', '1杯米', '2湯匙芝麻油', '6湯匙醬油', '60克蜜糖', '4茶匙番茄醬', '600克碎牛肉', '1湯匙芝麻', '2茶匙植物油', '少許鹽', '少許胡椒', '', ''),
(21, '1杯米', '1杯麵包屑', '720克豬排', '4湯匙酸奶油', '6根黃瓜', '4根蔥', '2湯匙芝麻油', '2湯匙芝麻', '5茶匙白葡萄酒醋', '4湯匙海鮮醬', '2茶匙蒜末', '4湯匙番茄醬', '4茶匙醬油', '4湯匙植物油', '2茶匙糖', '少許鹽'),
(22, '4根蔥', '2顆檸檬', '4顆小白菜', '4湯匙海鮮醬', '2茶匙番茄醬', '1杯米', '600克鮭魚', '4湯匙牛油', '8茶匙植物油', '少許鹽', '少許胡椒', '', '', '', '', ''),
(23, '2顆黃洋蔥', '600克雞肉條', '1湯匙芝麻', '480克扁豆', '240克紅燒醬', '2碗預煮白米飯', '2湯匙植物油', '2湯匙牛油', '少許鹽', '少許胡椒', '', '', '', '', '', ''),
(24, '2個拇指大的生薑', '4根蔥', '1杯米', '360克四季豆', '2湯匙芝麻油', '2湯匙芝麻', '600克雞肉', '4湯匙酸奶油', '1杯麵包屑', '2茶匙芥末醬', '60克番茄醬', '4茶匙醬油', '8茶匙植物油', '2茶匙糖', '少許鹽', '少許胡椒'),
(25, '4辦大蒜', '2顆檸檬', '4顆小白菜', '2根蔥', '15克羅勒', '600克豬絞肉', '3茶匙魚露', '1茶匙番茄醬', '4湯匙醬油', '2碗預煮白米飯', '2茶匙植物油', '3茶匙糖', '少許鹽', '少許胡椒', '', ''),
(26, '480克豬絞肉', '30克醬油', '1顆檸檬', '240克紫高麗菜', '4根蔥', '2湯匙芝麻油', '360克米線', '360克甜椒', '60克花生', '2茶匙泰式香料', '2湯匙植物油', '少許鹽', '少許胡椒', '', '', ''),
(27, '720克雞肉', '30克椰奶', '1顆檸檬', '60克花生醬', '1湯匙芝麻油', '2辦大蒜', '480克四季豆', '90克醬油', '2茶匙番茄醬', '8根木串', '1.5杯米', '2茶匙植物油', '2茶匙糖', '少許鹽', '少許胡椒', ''),
(28, '600克蝦', '1根辣椒', '360克米線', '480克花椰菜', '240克蘑菇', '60克花生', '2根蔥', '4辦大蒜', '4湯匙醬油', '2個拇指大的生薑', '?盎司羅勒', '1湯匙芝麻油', '2湯匙植物油', '2湯匙糖', '少許鹽', '少許胡椒'),
(29, '720克牛肉', '8根木串', '60克醬油', '1顆檸檬', '480克花椰菜', '1杯米', '3湯匙花生醬', '4根蔥', '4辦大蒜', '8茶匙植物油', '8茶匙糖', '少許鹽', '少許胡椒', '', '', ''),
(30, '1.5杯米', '4顆小白菜', '1根辣椒', '1顆檸檬', '4根蔥', '600克蝦', '2湯匙玉米粉', '240克甜辣醬', '60克花生', '2湯匙植物油', '少許鹽', '少許胡椒', '', '', '', ''),
(31, '2根蔥', '1顆檸檬', '4辦大蒜', '15克羅勒', '2根辣椒', '60克花生', '1.5杯玉米', '360克四季豆', '600克豬絞肉', '2湯匙芝麻油', '2湯匙醬油', '4茶匙植物油', '1茶匙糖', '少許鹽', '少許胡椒', ''),
(32, '4辦大蒜', '2根檸檬草', '4顆檸檬', '480克扁豆', '960克雞腿', '1.5杯米', '4湯匙醬油', '60克蜜糖', '2茶匙魚露', '2茶匙番茄醬', '15克羅勒', '4茶匙植物油', '2湯匙糖', '少許鹽', '少許胡椒', ''),
(33, '1.5杯黑米', '4顆小白菜', '240克蘑菇', '3顆蘿蔔', '2個拇指大的生薑', '60克醬油', '4辦大蒜', '60克腰果', '2湯匙白葡萄酒醋', '2湯匙芝麻油', '2茶匙植物油', '少許鹽', '少許胡椒', '', '', ''),
(34, '3根黃瓜', '2辦大蒜', '2根蔥', '2顆檸檬', '600牛肉條', '1茶匙泰式香料', '2湯匙醬油', '240克掛麵', '120克花生醬', '120克胡蘿蔔絲', '15克羅勒', '2茶匙番茄醬', '4茶匙植物油', '7茶匙糖', '少許鹽', '少許胡椒'),
(35, '1杯米', '15克薄荷', '2辦大蒜', '360克四季豆', '1顆紅甜椒', '480克豬絞肉', '4湯匙醬油', '2根香蔥', '1個拇指大的生薑', '4茶匙蜜糖', '2湯匙植物油', '少許鹽', '少許胡椒', '', '', ''),
(36, '480克豬絞肉', '2根檸檬草', '10克薄荷', '2茶匙泰式香料', '4茶匙番茄醬', '30克醬油', '60克蛋黃醬', '6根胡蘿蔔', '2根蔥', '4包漢堡麵包', '2顆檸檬', '4茶匙植物油', '少許鹽', '少許胡椒', '', ''),
(37, '2辦大蒜', '1根辣椒', '2根蔥', '480克花椰菜', '1顆檸檬', '600克豬絞肉', '2茶匙泰式香料', '480克麵條', '6湯匙醬油', '1湯匙蜜糖', '1湯匙芝麻油', '8茶匙植物油', '少許鹽', '少許胡椒', '', ''),
(38, '1杯米', '4根蔥', '10茶匙白葡萄酒醋', '2根黃瓜', '240克胡蘿蔔絲', '600克碎牛肉', '2湯匙芝麻', '240克烤肉醬', '8湯匙酸奶油', '2茶匙番茄醬', '1茶匙糖', '3茶匙植物油', '2湯匙牛油', '少許鹽', '少許胡椒', ''),
(39, '半顆南瓜', '2根蔥', '1個拇指大的生薑', '2顆檸檬', '600克豬絞肉', '30克麵包屑', '240克烤肉醬', '240克胡蘿蔔絲', '510克煮熟白米飯', '1湯匙芝麻油', '2茶匙番茄醬', '1湯匙芝麻', '4茶匙植物油', '少許鹽', '少許胡椒', ''),
(40, '2根胡蘿蔔', '4辦大蒜', '4根蔥', '1顆檸檬', '1背米', '4茶匙番茄醬', '2湯匙芝麻油', '6湯匙醬油', '60靠蜜糖', '600克碎牛肉', '1湯匙芝麻', '2茶匙植物油', '少許鹽', '少許胡椒', '', ''),
(41, '4根蔥', '400克黑豆', '1杯米', '10茶匙白葡萄酒醋', '2根黃瓜', '240克泡菜辣醬', '8湯匙酸奶油', '1顆檸檬', '240克胡蘿蔔絲', '4片四米餅皮', '2茶匙糖', '2湯匙植物油', '2湯匙牛油', '少許鹽', '少許胡椒', ''),
(42, '半顆南瓜', '240克蘑菇', '4根蔥', '360克胡蘿蔔', '2個拇指大的生薑', '4辦大蒜', '1.5杯米', '10茶匙白葡萄酒醋', '2湯匙芝麻油', '4茶匙番茄醬', '6湯匙醬油', '600克碎牛肉', '3湯匙糖', '8茶匙植物油', '少許鹽', '少許胡椒'),
(43, '240克蘑菇', '6茶匙辣醬', '2湯匙芝麻', '4辦大蒜', '360克花椰菜', '1.5杯糙米', '4根蔥', '半顆南瓜', '60克醬油', '2個拇指大的生薑', '2根胡蘿蔔', '4湯匙白葡萄酒醋', '2茶匙糖', '2湯匙植物油', '少許鹽', '少許胡椒'),
(44, '1.5杯米', '4根蔥', '4根胡蘿蔔', '半顆南瓜', '2個拇指大的生薑', '4辦大蒜', '10茶匙白葡萄酒醋', '2湯匙芝麻油', '4茶匙番茄醬', '4湯匙醬油', '600克豬絞肉', '3湯匙糖', '2湯匙植物油', '少許鹽', '少許胡椒', ''),
(45, '4根蔥', '2根黃瓜', '10茶匙白葡萄酒醋', '720克雞腿', '240克紫高麗菜', '240克烤肉醬', '4湯匙酸奶油', '2茶匙番茄醬', '12片玉米餅皮', '1茶匙糖', '1湯匙植物油', '少許鹽', '少許胡椒', '', '', ''),
(46, '1杯米', '720克雞腿', '2顆水梨', '15克羅勒', '1根蔥', '10茶匙白葡萄酒醋', '240克紫高麗菜', '2湯匙芝麻油', '240克辣泡菜醬', '8茶匙植物油', '4茶匙糖', '少許鹽', '少許胡椒', '', '', ''),
(47, '720克雞腿', '4湯匙玉米粉', '1顆檸檬', '2根黃瓜', '4根蔥', '10茶匙白葡萄酒醋', '4湯匙芝麻油', '1杯米', '4湯匙醬油', '8茶匙番茄醬', '2湯匙芝麻', '1茶匙韓式辣椒末', '10茶匙糖', '4茶匙植物油', '少許鹽', '少許胡椒'),
(48, '1單位1104', '2單位3203', '3單位2202', '4單位4108', '5單位5123', '6單位6806', '', '', '', '', '', '', '', '', '', ''),
(119, '1單位的牛五花肉絲', '2單位的豬五花火鍋肉片', '3單位的豬小里肌', '4單位的豬五花火鍋肉片', '5單位的雞翅小腿', '6單位的雞翅小腿', '', '', '', '', '', '', '', '', '', ''),
(120, '1單位的牛五花肉絲', '2單位的鴨肉', '3單位的豬小排骨', '4單位的牛肉火鍋肉片', '5單位的牛肉火鍋肉片', '6單位的豬五花火鍋肉片', '', '', '', '', '', '', '', '', '', ''),
(121, '1單位的牛五花肉絲', '2單位的雞翅小腿', '3單位的豬五花火鍋肉片', '4單位的台灣在地嚴選松阪豬肉', '5單位的台灣在地嚴選松阪豬肉', '6單位的羊肉火鍋片', '', '', '', '', '', '', '', '', '', ''),
(122, '1單位的牛五花肉絲', '2單位的福樂低脂高鈣牛乳', '3單位的吻仔魚', '4單位的牛頭牌沙茶醬', '5單位的豆芽菜', '6單位的芭樂', '', '', '', '', '', '', '', '', '', ''),
(123, '1單位的牛五花肉絲', '2單位的大成趴趴走紅雞蛋', '3單位的虱目魚丸', '4單位的吻仔魚', '5單位的金鑽鳳梨', '6單位的大陸妹菜', '', '', '', '', '', '', '', '', '', ''),
(124, '7單位的牛五花條肉', '6單位的南瓜', '5單位的芭樂', '4單位的大茂土豆麵筋', '3單位的工研烏醋', '2單位的金鑽鳳梨', '', '', '', '', '', '', '', '', '', ''),
(125, '4單位的牛五花肉絲', '4單位的牛肉火鍋肉片', '4單位的豬五花火鍋肉片', '4單位的雞翅小腿', '4單位的雞翅小腿', '4單位的牛五花條肉', '', '', '', '', '', '', '', '', '', '');

-- --------------------------------------------------------

--
-- 資料表結構 `love`
--

CREATE TABLE `love` (
  `id` int(11) NOT NULL,
  `member_id` int(11) NOT NULL,
  `recipe_id` int(11) NOT NULL,
  `love` int(11) NOT NULL
) ENGINE=InnoDB DEFAULT CHARSET=utf8 COLLATE=utf8_croatian_ci;

--
-- 資料表的匯出資料 `love`
--

INSERT INTO `love` (`id`, `member_id`, `recipe_id`, `love`) VALUES
(11, 6, 1, 0),
(27, 3, 6, 0),
(28, 3, 12, 0),
(29, 3, 10, 0),
(30, 3, 7, 0),
(31, 3, 4, 0),
(32, 3, 15, 0),
(33, 3, 16, 0),
(34, 3, 17, 0),
(35, 3, 19, 0),
(36, 3, 20, 0),
(37, 3, 21, 0),
(38, 3, 22, 0),
(39, 3, 23, 0),
(40, 3, 24, 0),
(41, 3, 25, 0),
(42, 3, 26, 0),
(43, 3, 27, 0),
(44, 3, 28, 0),
(45, 3, 82, 0),
(46, 3, 81, 0),
(49, 3, 1, 0),
(50, 6, 2, 0),
(52, 6, 36, 0),
(53, 6, 4, 0);

-- --------------------------------------------------------

--
-- 資料表結構 `members`
--

CREATE TABLE `members` (
  `sid` int(11) NOT NULL,
  `name` varchar(255) DEFAULT NULL,
  `nick_name` varchar(255) NOT NULL,
  `account` varchar(255) DEFAULT NULL,
  `password` varchar(255) NOT NULL,
  `email` varchar(255) NOT NULL,
  `profile` varchar(255) DEFAULT NULL,
  `zipCode` varchar(255) DEFAULT NULL,
  `county` varchar(255) DEFAULT NULL,
  `district` varchar(255) DEFAULT NULL,
  `address` varchar(255) DEFAULT NULL,
  `postal_code` int(11) DEFAULT NULL,
  `gender` varchar(255) DEFAULT NULL,
  `mobile` varchar(255) DEFAULT NULL,
  `blog` varchar(255) DEFAULT NULL,
  `birthday` date DEFAULT NULL,
  `introduction` varchar(255) DEFAULT NULL,
  `created_at` datetime NOT NULL DEFAULT CURRENT_TIMESTAMP
) ENGINE=InnoDB DEFAULT CHARSET=utf8;

--
-- 資料表的匯出資料 `members`
--

INSERT INTO `members` (`sid`, `name`, `nick_name`, `account`, `password`, `email`, `profile`, `zipCode`, `county`, `district`, `address`, `postal_code`, `gender`, `mobile`, `blog`, `birthday`, `introduction`, `created_at`) VALUES
(1, '', '噴火龍!!', '1', '123', 'erw@dfg.com', 'photo-1542692422-5cb6fc2cf737.jpg', '', '', '', '', 0, '', '', '', '0000-00-00', '', '0000-00-00 00:00:00'),
(2, '', '你好', '1', '123', '123@ok.com', '', '', '', '', '', 0, '', '', '', '0000-00-00', '', '2018-11-27 12:24:59'),
(3, NULL, 'wilson', '1', '123', 'nash0714@gmail.com', NULL, NULL, NULL, NULL, NULL, NULL, NULL, NULL, NULL, NULL, NULL, '2018-12-05 16:29:26'),
(5, '', '管理員', '1', '123', 'ckhtpe@gmail.com', '', '', '', '', '', 0, '', '', '', '0000-00-00', '', '0000-00-00 00:00:00'),
(6, 'OPQ', 'OPQ', '1', 'wilson', 's28281771@gmail.com', NULL, '105', '台北市', '松山區', '北投', NULL, NULL, '0920444555', NULL, NULL, NULL, '2018-12-07 17:06:29'),
(49, '', '123', '', '123', '7ee@fee.com', '', '', '', '', '', 0, '', '', '', '0000-00-00', '', '0000-00-00 00:00:00'),
(50, '', '456', '', '456789', '456@gmail.com', '', '', '', '', '', 0, '', '', '', '0000-00-00', '', '0000-00-00 00:00:00'),
(52, '', '使用者A', '', '123', 'dvsd@fwiof.com', 'photo-1460103841677-11ff72e1f0b9.jpg', '', '', '', '', 0, '', '', '', '0000-00-00', '', '0000-00-00 00:00:00'),
(53, '', 'nice', '', '123', 'nice@gmail.com', '', '', '', '', '', 0, '', '', '', '0000-00-00', '', '0000-00-00 00:00:00'),
(54, '', '123', '', '123', 'weqqwe@asd.com', '', '', '', '', '', 0, '', '', '', '0000-00-00', '', '0000-00-00 00:00:00'),
(55, '', '哈囉!!!', '1', '123', 'foodtopia@gmail.com', '', '', '', '', '', 0, '', '', '', '0000-00-00', '', '0000-00-00 00:00:00'),
(57, '', 'helloee', '', '123', 'weqdd@ww.com', '', '', '', '', '', 0, '', '', '', '0000-00-00', '', '2018-11-26 15:37:41'),
(58, '', 'only15925', '', '123', 'only@gmail.com', '', '', '', '', '', 0, '', '', '', '0000-00-00', '', '2018-11-26 17:44:04'),
(59, '', '123', '', '123', '7@fee.com', '', '', '', '', '', 0, '', '', '', '0000-00-00', '', '2018-11-27 11:53:06'),
(61, '', '123erw', '', '123', 'erw@dfg.comee', '', '', '', '', '', 0, '', '', '', '0000-00-00', '', '2018-11-27 13:56:07'),
(62, '', 'hellobbbb', '', '123', 'ok@ok.com', 'photo-1486062066719-9da5979bcd75.jpg', '', '', '', '', 0, '', '', '', '0000-00-00', '', '2018-11-27 17:05:09'),
(63, '', '111', '', '111', '111@qq.qq', 'photo-1542869725-8321662bc3f2.jpg', '', '', '', '', 0, '', '', '', '0000-00-00', '', '2018-11-27 17:13:47'),
(65, '李威霆', 'Wilson測試機', '1', '123', 'wilson@gmail.com', NULL, '106', '台北市', '大安區', '信義路四段60-37號4樓', NULL, NULL, '0928286829', NULL, NULL, NULL, '2018-11-28 22:40:09'),
(67, '大安彭于晏', '搶救大專', NULL, '123', 'wilsonlee0714@gmail.com', 'IMG_4756.JPG', '807', '高雄市', '三民區', '摩天輪', NULL, NULL, '0987654321', NULL, NULL, NULL, '2018-12-04 18:33:56');

-- --------------------------------------------------------

--
-- 資料表結構 `menu`
--

CREATE TABLE `menu` (
  `id` int(5) NOT NULL,
  `category_id` varchar(255) CHARACTER SET utf8 NOT NULL DEFAULT '1',
  `country_id` int(11) NOT NULL,
  `country` varchar(255) CHARACTER SET utf8 NOT NULL,
  `menu` varchar(200) CHARACTER SET utf8 NOT NULL,
  `menu_img` varchar(200) CHARACTER SET utf8 NOT NULL,
  `Introduction` varchar(200) CHARACTER SET utf8 NOT NULL,
  `rating` decimal(11,1) NOT NULL,
  `difficult` varchar(10) CHARACTER SET utf8 NOT NULL,
  `difficult_id` int(11) NOT NULL,
  `time` varchar(10) CHARACTER SET utf8 NOT NULL,
  `time_id` int(11) NOT NULL,
  `upload_time` date NOT NULL,
  `upload_time_sid` varchar(11) CHARACTER SET utf8 NOT NULL,
  `serving` varchar(255) CHARACTER SET utf8 NOT NULL,
  `serving_id` int(11) NOT NULL,
  `member_id` int(11) NOT NULL,
  `occasion_id` int(11) NOT NULL,
  `occasion` varchar(255) CHARACTER SET utf8 NOT NULL
) ENGINE=InnoDB DEFAULT CHARSET=utf8 COLLATE=utf8_croatian_ci;

--
-- 資料表的匯出資料 `menu`
--

INSERT INTO `menu` (`id`, `category_id`, `country_id`, `country`, `menu`, `menu_img`, `Introduction`, `rating`, `difficult`, `difficult_id`, `time`, `time_id`, `upload_time`, `upload_time_sid`, `serving`, `serving_id`, `member_id`, `occasion_id`, `occasion`) VALUES
(1, '1', 2, '中式料理', '糖醋雞', 'china_show_1', '糖醋可能是中國人的主食，但我們的DIY版本證明了在家製作時有些東西更好（並且完全值得付出努力）。這是因為它的油脂少，蔬菜更多，所以它感覺更輕，味道也更亮。甚至還有一些鳳梨扔進雞肉和辣椒的混合物中，以確保您獲得充足的甜蜜，甜蜜的滿足感。', '4.2', '簡單', 1, '15分鐘', 1, '2018-07-21', '7', '1人份', 1, 5, 28, '派對'),
(2, '1', 2, '中式料理', '雞肉撈麵', 'china_show_2', '絕對好吃的秘密，有彈性、新鮮的麵條，具有令人滿意的口感，在他們的每一條麵條上吸收可口的大豆海鮮醬。它們被綠豆，胡蘿蔔，蘑菇和雞肉攪拌成一碗素食和蛋白質包裝好的食物。', '3.5', '中等', 2, '30分鐘', 2, '2018-04-30', '4', '1人份', 1, 3, 27, '野餐'),
(3, '1', 2, '中式料理', '芝麻紅燒牛肉', 'china_show_3', '你可能聽說過海鮮醬，但不是每個人都知道它是什麼。中國的成分，如味噌，主要是用大豆製成的，通過發酵的魔力獲得了令人難以置信的複雜性。但它也有一種甜蜜，這使它非常容易受人喜愛。在這種炒菜中，這意味著一種美味的醬汁，可以覆蓋每一寸牛肉和蔬菜。還有一點蜂蜜，可以進一步提升這些口味。', '3.1', '困難', 3, '45分鐘', 3, '2018-10-07', '10', '2人份', 2, 2, 28, '派對'),
(4, '1', 2, '中式料理', '蘑菇撈麵', 'china_show_4', '當你換掉通常的肉類改吃蘑菇和蔬菜，如胡蘿蔔和四季豆時，中式的撈麵會變得更加刺激和健康。在這個配方中，你將在醬汁中練習炒烏龍面，直到它們充滿了鹹味，大豆，海鮮和芝麻味，每口味道都會爆炸。', '3.5', '中等', 2, '60分鐘', 4, '2018-09-12', '9', '1人份', 1, 5, 25, '素食'),
(5, '1', 2, '中式料理', '烤肉丸', 'china_show_5', '我們是烘烤肉丸（而不是煎炸）的忠實粉絲，因為這樣他們就會變得美味，豐滿，多汁，沒有油脂。但為了保證安全，並確保這個配方充滿了味道，我們將它們塗在甜蜜的醬汁中，並加入扁豆，以獲得一點清脆和緊縮。咬一口，你會被迷住。', '4.2', '簡單', 1, '45分鐘', 3, '2018-10-08', '10', '1人份', 1, 4, 27, '野餐'),
(6, '1', 2, '中式料理', '蜂蜜海鮮牛肉', 'china_show_6', '你可能聽說過海鮮醬，但不是每個人都知道它是什麼。中國的秘方，如味噌，主要是用大豆製成的，通過發酵的魔力獲得了令人難以置信的複雜性。但它也有一種甜蜜，這使它非常容易愛。在這種炒菜中，這意味著一種美味的醬汁，可以覆蓋每一寸牛肉和蔬菜。還有一點蜂蜜，可以進一步提升這些口味。', '4.1', '中等', 2, '15分鐘', 1, '2018-09-01', '9', '4人份', 4, 1, 30, '節慶'),
(7, '1', 2, '中式料理', '紫菜豬肉玉米餅', 'china_show_7', '最初的紫高麗菜來自中國北方，豬肉和蔬菜的混合物通常配有薄而扁平的小麥包裝。因此，對於我們來說，使用溫暖的麵粉玉米餅來包裹美味的食材，對我們來說似乎沒什麼大不了的。然而，海洋蛋黃醬是一種跳躍，絕對非傳統的添加，提供甜和奶油的上癮組合。', '3.7', '中等', 2, '45分鐘', 3, '2018-07-09', '7', '2人份', 2, 4, 29, '健康輕食'),
(8, '1', 2, '中式料理', '蜂蜜雞肉', 'china_show_8', '我們都對甜甜雞肉有一個情有獨鍾，這是外賣晚餐和商場美食廣場的主食。但這並不是你在本週的任何一個晚上都會吃到的東西 - 直到現在。我們正在把醬汁更換成新鮮的生薑和蜂蜜和醬油。在茉莉香米床上配上嫩豌豆，這個配方值得嘗試。', '3.6', '簡單', 1, '15分鐘', 1, '2018-08-06', '8', '2人份', 2, 3, 29, '健康輕食'),
(9, '1', 2, '中式料理', '豬肉餃子', 'china_show_9', '製作自製餃子聽起來令人生畏，但我們承諾它比你想像的容易。相信我們：如果你可以將一個正方形折成兩個，你可以製作這些充滿豬肉的美食。在填充和折疊它們之後，你將在平底鍋裡將它們煎炸，直到它們變成金黃色和酥脆的狀態，然後用鬆脆的沙拉和醬油點綴它們。', '3.2', '中等', 2, '45分鐘', 3, '2018-08-14', '8', '4人份', 4, 2, 26, '宵夜'),
(10, '1', 2, '中式料理', '海鮮牛肉拌飯', 'china_show_10', '你可能聽說過海鮮醬，但不是每個人都知道它是什麼。中國的成分，如味噌，主要是用大豆製成的，通過發酵的魔力獲得了令人難以置信的複雜性。但它也有一種甜蜜，這使它非常容易受人喜愛。在這種炒菜中，這意味著一種美味的醬汁，可以覆蓋每一寸牛肉和蔬菜。還有一點蜂蜜，可以進一步提升這些口味。', '3.6', '簡單', 1, '15分鐘', 1, '2018-09-22', '9', '2人份', 2, 3, 31, '甜點'),
(11, '1', 2, '中式料理', '炒牛肉', 'china_show_11', '炒飯是一個方便的晚餐盤，因為你可以快速地將它們放在桌子上，而不用大驚小怪。準備好你的蛋白質和蔬菜，將簡單的醬汁攪拌在一起，然後讓這些成分在鍋中嘶嘶作響。對於這個作法，我們在生薑，大蒜和醬油的醃料加入牛肉塊中，甜椒和白菜。這很簡單但非常令人滿意。', '4.3', '困難', 3, '15分鐘', 1, '2018-07-04', '7', '2人份', 2, 1, 30, '節慶'),
(12, '1', 1, '日韓料理', '芥末鮭魚', 'japan_show_1', '芥末可能更為人所知的是壽司帶來的綠色辣味，但它可以用在很多方面。在這個食譜中，將辣根糊混合成，為鮭魚創造一種相同的味道，味道濃郁，興奮，令人振奮。這裡的魚配芝麻四季豆和蔥米飯，結合了亞洲風味和經典簡單的技術。', '4.5', '困難', 3, '15分鐘', 1, '2018-08-06', '8', '2人份', 2, 4, 27, '野餐'),
(13, '1', 1, '日韓料理', '烤雞肉串', 'japan_show_2', '烤雞肉串是日本最受歡迎的深夜街頭食品，在那裡你可以找到內襯木炭烤架的小巷，售賣數百種烤串。我們用甜蒜醬油醃製我們的雞肉烤雞肉串，然後將它們放在香脆的炒麵和鬆脆的青豆上面。', '4.2', '簡單', 1, '30分鐘', 2, '2018-11-04', '11', '1人份', 1, 3, 26, '宵夜'),
(14, '1', 3, '台灣料理', '香菇拉麵', 'japan_show_3', '拉麵是真正的優惠。鮮美的肉湯給這道菜帶來了濃厚的深度，而肉質的香菇和海藻則增添了意想不到的味道。警告：可能會發生大聲啜泣。', '3.4', '困難', 3, '15分鐘', 1, '2018-05-09', '5', '2人份', 2, 2, 25, '素食'),
(15, '1', 1, '日韓料理', '芝麻蜂蜜牛肉炒', 'japan_show_4', '如果你一直在努力讓你的孩子吃胡蘿蔔，我們認為我們已經發現了一個非常漂亮的技巧。在這裡，富含維生素A的蔬菜被刨成絲，可以在叉子周圍旋轉。所以沒有大塊或者挑剔的食客可以反對。它有助於他們用碎牛肉和芝麻，蜂蜜和大豆醬塗裹，這增加了易於愛的甜味和鹹味。', '3.5', '困難', 3, '45分鐘', 3, '2018-07-09', '7', '4人份', 4, 1, 30, '節慶'),
(16, '1', 3, '台灣料理', '紅燒豬子排', 'japan_show_5', '你所需要的只是一塊醬油和一些甜蜜的東西，你在做生意。通過這種簡單的日式炒菜配方，您可以輕鬆地隨時享用紅燒時間。在這裡，我們使用豬里脊肉和蘆筍，但醬汁適用於各種各樣的蛋白質和蔬菜。', '4.1', '中等', 2, '30分鐘', 2, '2018-10-01', '10', '4人份', 4, 1, 31, '甜點'),
(17, '1', 1, '日韓料理', '芥末酸橙鮭魚', 'japan_show_6', '通常不會在壽司盤外面看到芥末。但是，調味品可以用來為各種各樣的菜餚添加一個意想不到的提升 - 就像這頓煎烤三文魚和白菜醬油浸的米飯，從基本到大膽的芥末醬。?你希望味道它有一個提升，而不是一個衝擊力。', '4.6', '簡單', 1, '45分鐘', 3, '2018-10-15', '10', '3人份', 3, 5, 29, '健康輕食'),
(18, '1', 1, '日韓料理', '涼拌蕎麥麵', 'japan_show_7', '我們在這里以非常傳統的方式使用蕎麥麵 - 一種傳統的日本食材。我們喜歡豐盛的蕎麥麵和奶油巴馬干酪醬的意想不到的組合。蘑菇，甜玉米和紅甜椒的快速飽和度為整個菜餚增添了陣陣質感。', '3.2', '中等', 2, '30分鐘', 2, '2018-09-17', '9', '4人份', 4, 4, 29, '健康輕食'),
(19, '1', 3, '台灣料理', '鳳梨豬肉拌飯', 'japan_show_8', '用這個食譜進入一個熱帶的溝槽，有點甜，有點咸。它的中心是用甜金黃鳳梨塊製成的豬排。但冒險並沒有就此止步 - 它繼續進入扁豆和胡蘿蔔。這一切都是在泰國羅勒米飯旁邊供應的，它完成了這道菜的味道非常有趣。', '3.3', '困難', 3, '30分鐘', 2, '2018-09-28', '9', '2人份', 2, 1, 30, '節慶'),
(20, '1', 3, '台灣料理', '芝麻炒牛肉', 'japan_show_9', '如果你從來沒有過於熱衷於胡蘿蔔，我們發現了一個非常漂亮的技巧，可能會讓你再次思考富含維生素A的蔬菜。在這個食譜中，它們被切成絲帶，並用芝麻，蜂蜜和醬油調味，加入甜味和鹹味的牛肉。搭配蓬鬆的茉莉香米，這是簡單的周末炒菜，讓您的味蕾唱歌。', '3.8', '簡單', 1, '30分鐘', 2, '2018-08-16', '8', '4人份', 4, 5, 27, '野餐'),
(21, '2', 1, '日韓料理', '日式豬排', 'japan_show_10', '我們的廚師在提出食譜時從菜餚中獲取靈感 ，將視為日本對炸肉排的回答，其中包括帶有鹹味甜醬的麵包屑肉。他們略微適應了它，使用酸奶作為額外的保險，以確保麵包屑粘在薄切豬肉上。但這種變化使世界變得與眾不同，保證了一種酥脆的金棕色外殼。', '4.2', '困難', 3, '45分鐘', 3, '2018-09-27', '9', '1人份', 1, 3, 26, '宵夜'),
(22, '2', 3, '台灣料理', '烤鮭魚', 'japan_show_11', '對於這個食譜，我們的廚師想出了一種烤鮭魚的方法，它有一些內置的技巧，以幫助確保這些魚片完全烤。他們使用鋁箔來防止皮膚粘在格柵上（它還可以保留可口的海苔佐料）。如果你喜歡在平底鍋裡煎魚，你仍然可以這樣做，還有嫩白菜和飯。', '4.7', '簡單', 1, '60分鐘', 4, '2018-07-05', '7', '2人份', 2, 4, 29, '健康輕食'),
(23, '2', 1, '日韓料理', '照燒炒雞肉', 'japan_show_12', '簡單快速的遊戲名稱是我們的即食紅燒醬汁，預製雞肉條和微波爐。只需幾分鐘就把肉和扁豆扔在鍋裡，只需倒入醬汁就可以了。只是不要忘記芝麻裝飾，它打開了煽情和鹹味炒菜魔法的大門。', '4.8', '中等', 2, '60分鐘', 4, '2018-10-04', '10', '3人份', 3, 4, 30, '節慶'),
(24, '2', 1, '日韓料理', '日式照燒雞', 'japan_show_13', '日本似乎不是炸雞配方的來源，但它是，並且雞肉味道鮮美。這些薄薄的肉餅塗上了麵包屑，然後在鍋中嘶嘶作響，直到它們呈現出金黃色和清脆的味道。然後，炸雞排醬在上面淋上 - 你可以把它想像成燒烤醬的大豆為基礎的答案。如果這還不夠，那麼蓬鬆的米和芝麻撒上的扁豆就會說服你把這種日本的舒適食物當作自己的食物。', '4.2', '簡單', 1, '60分鐘', 4, '2018-11-20', '11', '2人份', 2, 1, 31, '甜點'),
(25, '2', 5, '東南亞料理', '泰式羅勒炒豬肉', 'thai_show_1', '靈感來自泰國菜，這種豬肉炒菜的主要口味來自甜泰式羅勒。這種草藥比意大利的草本具有更加大膽和辛辣的味道，與醬油和大蒜等成分的美味相得益彰。它還為蔬菜帶來了額外的綠葉調味 - 這裡是用白菜。', '4.8', '中等', 2, '30分鐘', 2, '2018-09-08', '9', '4人份', 4, 3, 27, '野餐'),
(26, '2', 5, '東南亞料理', '泰式五香豬肉拌米線', 'thai_show_2', '我們的泰國調味料是一種風味強大的香料，香菜和肉桂以及少許辣椒熱。在這個配方中，它將溫的豬肉轉化為令人難以置信的東西。甜蜜的迷你青椒，脆脆的花生和一團混亂的米粉也會混合在一起，這是一種令人愉快的菜餚。', '3.9', '簡單', 1, '60分鐘', 4, '2018-07-07', '7', '1人份', 1, 2, 28, '派對'),
(27, '2', 5, '東南亞料理', '雞肉沙嗲串', 'thai_show_3', '經驗豐富的肉串搭配蘸醬，起源於印度尼西亞，被認為是一道國菜。您也可以在整個東南亞找到它，它以多種不同的方式供應。這個配方基於最流行的版本，雞肉配椰子，花生和柑橘醬。', '4.2', '困難', 3, '30分鐘', 2, '2018-07-29', '7', '2人份', 2, 3, 26, '宵夜'),
(28, '2', 5, '東南亞料理', '蝦拌米線', 'thai_show_4', '在其原產泰國，墊看到米線總是定制的，少量的 - 一次不超過幾份。這不僅是因為它出來炙熱而且很熱，而且所有的成分都有足夠的空間在鍋裡灼燒。這就是為什麼這個食譜非常適合快速晚餐：當你把米粉，醬汁，蝦拌一起時，你可以假裝你是一個曼谷街頭食品小販巧妙地為一個喜歡的顧客鞭打一批。', '4.3', '簡單', 1, '60分鐘', 4, '2018-08-06', '8', '2人份', 2, 1, 30, '節慶'),
(29, '2', 5, '東南亞料理', '泰式沙嗲牛肉串', 'thai_show_5', '沙爹是整個東南亞地區的一道受歡迎的菜餚，包括串肉和奶油花生醬。它通常作為休閒食品，但我們在香茉莉香米和香脆烤西蘭花的幫助下將其膨化成一頓飯。', '4.4', '困難', 3, '30分鐘', 2, '2018-06-07', '6', '3人份', 3, 5, 31, '甜點'),
(30, '2', 5, '東南亞料理', '炒辣椒蝦', 'thai_show_6', '辣東南亞調味品的世界遠遠超出了範疇。事實上，甜泰辣椒醬可能只是在其周圍的可愛性方面比它更受歡迎的表親更勝一籌。當然，它具有強烈的熱量，但也有黏著的甜味，為你穿上的任何東西增添光澤。對於這種快速炒菜中的蝦和白菜來說，這意味著即時一層充滿活力，舔你的嘴唇的好味道。', '4.6', '簡單', 1, '30分鐘', 2, '2018-09-09', '9', '4人份', 4, 4, 30, '節慶'),
(31, '2', 5, '東南亞料理', '豬肉羅勒炒飯', 'thai_show_7', '我們無法決定我們最喜歡這道菜的哪一部分。是地面豬肉配上花生，或者是具有令人驚嘆的綠色色調和香草香氣的玉米飯呢？也許這是烤四季豆，它們令人滿意的脆度。無論如何，他們都聚集在一起創造出一種風味的交響樂。', '4.7', '中等', 2, '45分鐘', 3, '2018-09-19', '9', '4人份', 4, 1, 27, '野餐'),
(32, '2', 5, '東南亞料理', '泰式檸檬香茅雞腿', 'thai_show_8', '泰國菜以其對芳香的熱愛而聞名。在這種精神下，我們用檸檬，香茅，大蒜和更多的物品包裝了這個食譜，讓你的廚房聞起來很香。它們被扔進一條粘稠而甜美的雞腿中，在每一口都會產生一股風味。加一莉香米和扁豆到一邊，讓你滿足。', '3.8', '簡單', 1, '45分鐘', 3, '2018-10-10', '10', '3人份', 3, 2, 28, '派對'),
(33, '2', 5, '東南亞料理', '白菜拌黑米', 'thai_show_9', '黑米，如藍莓和茄子，從花青素，天然色素，也是心臟健康的抗氧化劑中獲得令人驚嘆的深色。然而，這不是吃掉它的唯一原因 - 它具有令人愉快的堅果。這種風味和重量使其成為在這個配方的白菜和蘑菇炒菜中浸泡大豆和芝麻口味醬汁的理想媒介。', '3.7', '中等', 2, '30分鐘', 2, '2018-10-17', '10', '3人份', 3, 3, 25, '素食'),
(34, '2', 5, '東南亞料理', '牛肉米線', 'thai_show_10', '我們喜歡嘗試新的原料和嘗試口味，不時地超越平凡。這種蔬菜包裝的牛肉麵碗是讓您的家人也這樣做的好方法。它以米粉的令人愉悅的彈跳為特色，以及泰式調味料中醃製的令人難以置信的牛肉芳香。但它是贏家的真正原因是頂部的花生醬，堅果，來加強味道之所在。', '3.5', '中等', 2, '45分鐘', 3, '2018-10-28', '10', '2人份', 2, 4, 26, '宵夜'),
(35, '2', 5, '東南亞料理', '泰式打拋豬', 'thai_show_11', '泰國菜以其熱量而聞名，但它也有更溫和的食譜，專注於草藥和芳香。我們採用傳統的肉類和草藥炒菜，將薄荷和生薑放在正面和中間位置， 這對蔬菜和豬肉以明亮開朗的味道淋上了盤子。', '4.5', '簡單', 1, '30分鐘', 2, '2018-11-05', '11', '1人份', 1, 1, 27, '野餐'),
(36, '2', 5, '東南亞料理', '泰式檸檬草豬肉漢堡', 'thai_show_12', '我們喜歡泰國菜如何擁有一些非常有趣和時髦的口味，如芬芳的新鮮香草，柑橘檸檬草和火熱的辣椒。因此，當我們想要創造一個超越平凡的漢堡時，這些獨特的成分被證明是我們所需要的靈感。它們在整個豬肉餡餅中編織而成，賦予它們濃郁的芳香味，與甜味和嫩胡蘿蔔薯條搭配得很好。', '3.4', '困難', 3, '30分鐘', 2, '2018-11-13', '11', '1人份', 1, 5, 24, '早午餐'),
(37, '2', 5, '東南亞料理', '泰式五香豬肉丸子', 'thai_show_13', '意大利面和肉丸不一定是嚴格的紅醬。事實上，我們正??在通過這種旋轉將這道菜帶到亞洲之旅。在我們的泰式混合大蒜，芝麻和香料中加入調味的磨碎的豬肉麵條，加上花椰菜，以保持綠色。在你的叉子（或筷子）周圍轉動也同樣有趣！', '3.7', '簡單', 1, '45分鐘', 3, '2018-11-17', '11', '1人份', 1, 3, 30, '節慶'),
(38, '2', 1, '日韓料理', '烤牛肉拌飯', 'korean_show_1', '如果你無法獲得足夠的亞洲風味，那麼此道肯定會讓你滿意。這道韓國菜以芝麻和醬油醃料中的牛肉為中心，略帶甜味。但肉類只是眾多亮點中的一個：還有酥脆的快速醃黃瓜，嫩胡蘿蔔和辛辣的酸奶油，整個蓬鬆的白米飯。', '4.3', '中等', 2, '60分鐘', 4, '2018-11-23', '11', '2人份', 2, 4, 31, '甜點'),
(39, '2', 1, '日韓料理', '烤豬肉丸子', 'korean_show_2', '你喜歡肉丸，但不知道如何超越平常吃肉丸？這是一種知道怎麼了韓國風味的醬汁。以醬油為基礎，它具有成年人喜愛的美味複雜性，加上足夠的甜味，使其吸引年輕人的口味。在這個配方中，它用於上豬肉丸，給它們一層額外的味道，與芝麻口味的米飯，胡蘿蔔完美搭配。', '4.2', '簡單', 1, '30分鐘', 2, '2018-11-27', '11', '3人份', 3, 1, 26, '宵夜'),
(40, '2', 1, '日韓料理', '蜂蜜芝麻炒牛肉', 'korean_show_3', '如果你一直在努力讓你的孩子吃胡蘿蔔，我們認為我們已經發現了一個非常漂亮的解決方法。在這裡，它們被刨成絲，所以沒有大塊或者挑剔的食客可以反對。它還有助於它們塗上芝麻，蜂蜜和大豆醬，這增加了易於愛吃的甜味和鹹味。', '3.6', '簡單', 1, '60分鐘', 4, '2018-12-03', '12', '1人份', 1, 2, 27, '野餐'),
(41, '3', 1, '日韓料理', '泡菜辣醬捲餅', 'korean_show_4', '墨西哥捲餅是提供泡菜醬的強烈風味的完美載體（這是韓國泡菜帶來的辛辣汁，它在這裡的作用就像辣醬一樣帶有鹹味，鹹味的辣味）。米飯，黑豆，胡蘿蔔和黃瓜的餡料可以吸收所有的辛辣味，每次都能提供充足的活力。另一方面，你還有一個胡蘿蔔和黃瓜沙拉，這也不會讓球失去靈活性和緊縮感。', '3.8', '困難', 3, '60分鐘', 4, '2018-12-07', '12', '2人份', 2, 5, 24, '早午餐'),
(42, '3', 1, '日韓料理', '韓式牛肉拌飯', 'korean_show_5', '這道菜的名字來源於韓國的混合米飯。你把米飯放在一個碗裡，然後將它們混合在一起，使這些口味和質地結合在一個光榮的混搭中。這裡也有很多口味和質地，如胡蘿蔔，多汁的南瓜，以及用大蒜，生薑和大豆搗碎的牛肉。', '3.9', '中等', 2, '30分鐘', 2, '2018-12-13', '12', '1人份', 1, 4, 26, '宵夜'),
(43, '3', 1, '日韓料理', '糙米拌飯', 'korean_show_6', '穀物碗最近有一些時刻，從時髦的餐館到社交媒體飼料隨處可見。但是，在石鍋拌飯的同時，韓國在拍下你的晚餐的智能手機照片之前，已經完善了碗的藝術方式。從最基本的角度來看，這道菜包括米飯，上面放著各種蔬菜，蛋白質和火辣醬。包括胡蘿蔔和南瓜，以及嫩薑花椰菜和生薑和大豆醬淋的蘑菇。', '3.5', '簡單', 1, '60分鐘', 4, '2018-12-13', '12', '4人份', 4, 1, 24, '早午餐'),
(44, '3', 1, '日韓料理', '豬肉蔬菜拌飯', 'korean_show_7', '這道菜的名字來源於韓國的混合米飯。這正是你在服務之後要做的事情：將米飯放入碗中，加入澆頭，將它們混合在一起，使這些口味和質地結合在一個光榮的混搭中。這裡也有很多口味和質地，如甜胡蘿蔔，多汁的南瓜，以及用大蒜，生薑和大豆搗碎的豬肉。', '4.1', '簡單', 1, '60分鐘', 4, '2018-10-11', '10', '3人份', 3, 3, 24, '早午餐'),
(45, '3', 1, '日韓料理', '烤雞腿炸玉米餅', 'korean_show_8', '韓國和墨西哥的風味可能看起來像是烹飪頻譜的兩端。但是當他們在中間相遇時，結果絕對美味。這些混搭玉米餅配有烤雞肉醬 - 韓式醬油和芝麻醃料，帶有一點甜味。當你把它塞進捲心菜，捲心菜，醃黃瓜和辛辣的奶酪時，感覺就像是在你口中的邊境跳躍慶祝。', '4.3', '簡單', 1, '30分鐘', 2, '2018-09-17', '9', '2人份', 2, 1, 24, '早午餐'),
(46, '3', 1, '日韓料理', '辣醬泡菜雞腿', 'korean_show_9', '泡菜（韓國泡菜）通常都是用辛辣的鹽水包裝好的，你可以把它裝瓶，就像你自己的秘製醬一樣。好吧，猜猜看：我們已經做到了這一點，利用它為雞大腿增添了一些激烈的個性。保持東方主題，旁邊還有一個亞洲梨和芝麻醬，可以抵消熱量和甜味，再加上米飯可以吸收所有的味道。', '4.3', '困難', 3, '15分鐘', 1, '2018-07-06', '7', '4人份', 4, 5, 29, '健康輕食'),
(47, '3', 1, '日韓料理', '韓式雞腿飯', 'korean_show_10', '韓國料理並不羞於使用大而大膽的口味。這些雞大腿也不例外。他們從亞洲國家著名的炸雞版中汲取靈感，使用甜味，辛辣和鹹味的醬汁，賦予他們獨特的個性。為了在這個盤子上完成充滿活力的陣列，我們加入了一份酥脆的芝麻黃瓜沙拉和一份米飯。', '4.8', '困難', 3, '15分鐘', 1, '2018-10-31', '10', '1人份', 1, 4, 30, '節慶'),
(48, '3', 4, '西式料理', '阿根廷奇米丘里牛排', 'western_show_1', '阿根廷人喜歡他們的牛肉 - 他們的燒烤幾乎是肉類的慶祝活動。前往一個，你可能會發現一個很好的烤牛排。雖然我們無法在風景如畫的巴塔哥尼亞戶外用餐，但我們可以為您提供這個食譜，以及烤製的蔬菜雜物，再現那些令人難以置信的風味。', '4.3', '簡單', 1, '45', 0, '2018-12-13', '12', '2人份', 2, 3, 31, '甜點'),
(49, '3', 4, '西式料理', '檸檬草豬肉漢堡', 'western_show_2', '越南菜包括一些非常有趣和時髦的口味，如香新鮮的香草，柑橘檸檬草和火辣的辣椒。因此，當我們想要創造一種既獨特又美味的漢堡時，這些成分被證明是我們所需要的靈感。它們在整個豬肉餡餅中編織而成，賦予它們芳香的外形，與頂部的沙拉和胡蘿蔔薯條配對。', '3.5', '困難', 3, '30', 0, '2018-11-14', '11', '3人份', 3, 2, 24, '早午餐'),
(50, '3', 4, '西式料理', '燒烤牛肉排', 'western_show_3', '如果你不是來自阿拉巴馬州，白色燒烤醬的家，我們給你一個提示：這是你想要放在一切的醬汁。以芥末和醋混合在一起的蛋黃醬為基礎，它以少量其他醬汁的方式平衡奶油和濃郁的味道。這個食譜中的燒烤五香迷你牛肉鯡魚是完美的畫布，可以將所有美味淋上。此外，這道菜配有馬鈴薯楔子和側面的紅白菜沙拉 ，沒有人不會愛上它!', '4.7', '簡單', 1, '30', 0, '2018-10-15', '10', '1人份', 1, 2, 28, '派對'),
(51, '3', 4, '西式料理', '牛肉醬義大利麵', 'western_show_4', '番茄醬義大利麵總是成功的秘訣。有沒有人會把一盤麵條堆得很高，撒上起司？當然不是，雖然添加一些額外的肉和蔬菜肯定使它更加美味。這正是我們在這個版本中正在做的事情：義大利美國經典風味，加上豐盛的碎牛肉和節瓜。', '3.5', '困難', 3, '30', 0, '2018-09-16', '9', '4人份', 4, 1, 27, '野餐'),
(52, '3', 4, '西式料理', '墨西哥辣椒牛肉比薩', 'western_show_5', '在扁麵包皮上放一些美味的炸玉米餅配料，辣椒，牛肉和番茄帶來了這些墨西哥風味，以及兩種起司和一些優格。但是，當所有東西都放在烤箱裡，讓它變得清脆、乾爽又熱騰騰得，無可否認，這絕對是一個披薩的傑作。', '4.1', '簡單', 1, '15', 0, '2018-08-17', '8', '1人份', 1, 1, 24, '早午餐'),
(53, '3', 4, '西式料理', '胡椒黑豆墨西哥餅', 'western_show_6', '你一定從來沒有像這樣的油炸玉米餅。它們被塞滿了青椒，並以一種大膽的方式調味 ， 基本上所有健康的美味都可以放入玉米餅中。在側面加入濃郁的橙醬和蜂蜜沙拉，這頓飯保證會帶給您非常享受。', '3.4', '困難', 3, '15', 0, '2018-07-18', '7', '1人份', 1, 5, 24, '早午餐'),
(54, '3', 4, '西式料理', '墨西哥早餐脆餅', 'western_show_7', '以黑豆混合蕃茄、辣椒和起司為特色的玉米粉圓餅為基礎，最後將蛋放在上面，它可以讓你充滿活力，像真正的冠軍一樣為你提供力量。', '3.2', '簡單', 1, '15', 0, '2018-06-19', '6', '2人份', 2, 3, 24, '早午餐'),
(55, '3', 4, '西式料理', '白花椰起司通心麵', 'western_show_8', '當我們的廚師建議添加一些花椰菜和培根時，毫無疑問我們只能照著做。結果這是一道出乎預料的菜餚，它非常撫慰人心，這證明了除了奶油和肉之外，蔬菜也可以成為安撫心靈的食物。', '3.4', '中等', 2, '30', 0, '2018-05-20', '5', '3人份', 3, 2, 25, '素食'),
(56, '3', 4, '西式料理', '鳳梨雞肉墨西哥餅', 'western_show_9', '如果您認為甜味和鹹味的組合味道鮮美，那麼準備好讓這款奶油起司和鳳梨墨西哥餅帶你夢想成真。雖然我們建議只使用一個雞胸肉，但可以隨意使用它們作為超級豪華的炸玉米餅。', '4.1', '簡單', 1, '30', 0, '2018-04-21', '4', '1人份', 1, 1, 24, '早午餐'),
(57, '3', 4, '西式料理', '手撕辣椒雞肉三明治', 'western_show_10', '只需15分鐘即可享用美味的雞肉三明治？是的！我們正在實現它。你需要做的只是在平底鍋中加熱手撕雞肉，你就幸福的享用餐點。加上一個蘋果和胡蘿蔔沙拉會讓飲食更均衡。', '3.7', '中等', 2, '15', 0, '2018-03-22', '3', '4人份', 4, 4, 24, '早午餐'),
(58, '3', 4, '西式料理', '希臘沙拉', 'western_show_11', '帶著傳統的希臘沙拉前往希臘旅行！在地中海風味的大蒜醃料中加入奶油狀的cannellini豆，然後加入番茄，羊乳酪，黃瓜，橄欖和剛烤好的pita餅。', '3.9', '簡單', 1, '15', 0, '2018-02-23', '2', '3人份', 3, 5, 25, '素食'),
(59, '3', 4, '西式料理', '紙包鱈魚', 'western_show_12', '“en papillote”是一種來自法國技術，其中食物在羊皮紙（或鋁箔）折成信封狀烹飪。將所有的味道都鎖在裡面，產生一個濕潤，美味的菜餚。我們正在使用這種技術用大蒜和檸檬蒸熟鱈魚搭配奶油醬是一種極致的美味。', '4.2', '中等', 2, '60', 0, '2018-01-24', '1', '4人份', 4, 1, 27, '野餐'),
(60, '3', 4, '西式料理', '野莓火雞肉堡', 'western_show_13', '有沒有其他人像我們一樣對感恩節感到瘋狂？我們很高興全年都沉迷於11月份最喜歡的食物。以酸果蔓蛋黃醬為特色的火雞漢堡，旁邊有蔓越莓點綴的沙拉，讓你感受當季食材的鮮美。', '4.3', '簡單', 1, '30', 0, '2018-12-13', '12', '3人份', 3, 3, 24, '早午餐'),
(61, '4', 4, '西式料理', '奶油鮮蝦寬麵', 'western_show_14', '彈指之間!你可以用義大利賽車的閃電速度製作這個食譜。由於新鮮的義大利麵條比干燥的方法烹飪得更快，因此您可以在幾分鐘內達到完美的效果。大蝦和牛番茄也需要在鍋中快速攪拌，將所有風味融合在一起。', '4.8', '中等', 2, '20', 0, '2018-11-14', '11', '2人份', 2, 2, 30, '節慶'),
(62, '4', 4, '西式料理', '檸檬草奶油寬麵', 'western_show_15', '當你正在尋找純粹而舒適食物時，奶油醬汁中的蘑菇永遠不會出現。在這個食譜中，我們將這些經典口味融入了一種陳舊的義大利麵條麵條。大蒜，檸檬和香草增添了生動的口感，給你一道既有點舒適也有點有趣的菜 - 你會很高興在晚宴上享用，就像你想要的那樣進入一周的任何一個晚上。', '4.1', '簡單', 1, '30', 0, '2018-10-15', '10', '2人份', 2, 3, 31, '甜點'),
(63, '4', 4, '西式料理', '鷹嘴豆墨西哥捲餅', 'western_show_16', '將鷹嘴豆放入烤箱中，這種帶有堅果味和奶油香的豆類會變脆。蛋白質包裝的口感與我們的奶油梨醬和略帶燒焦的蔬菜形成了鮮明的對比。', '3.5', '簡單', 1, '15', 0, '2018-09-16', '9', '4人份', 4, 2, 25, '素食'),
(64, '4', 4, '西式料理', '義式肉丸湯', 'western_show_17', '這就像你的義大利奶奶一樣。它有所有的蔬菜 - 如羽衣甘藍，胡蘿蔔和洋蔥 - 讓你變得強壯。但是，舊世界的魅力在豬肉丸子，orzo麵食和大蒜吐司相互輝映。', '3.7', '簡單', 1, '30', 0, '2018-08-17', '8', '2人份', 2, 4, 29, '健康輕食'),
(65, '4', 4, '西式料理', '香煎鮭魚', 'western_show_18', '我們都知道鮭魚不僅僅是好的 - 它對你也有好處，這要歸功於豐富的健康omega-3脂肪酸。但我們的廚師們發現了一種通過大蒜，檸檬皮和奶油使魚真正令人難以置信的方法。將三種成分的混合物倒在魚片上，將它們塗在乳白色的豐富光澤中。', '3.9', '困難', 3, '45', 0, '2018-07-18', '7', '1人份', 1, 5, 30, '節慶'),
(66, '4', 4, '西式料理', '小耳朵義大利麵', 'western_show_19', '這道經典的義大利菜只有六種簡單的配料，花椰菜，雞肉香腸和湯鍋絕對是這道菜的明星。這是一個快速而美味的奇蹟，你會想要一次又一次地把它做出來。', '3.6', '中等', 2, '30', 0, '2018-06-19', '6', '3人份', 3, 1, 28, '派對'),
(67, '4', 4, '西式料理', '蘑菇雞肉燉飯', 'western_show_20', '當第戎芥末參與時，雞肉的味道會提升一個層次。法國調味蘑菇醬，覆蓋奶油，豐富的美味。在一邊使用泡沫狀的蒸粗麥和芝麻菜，可以獲得美味的綠色，這道菜最和和配上一點爵士樂。', '4.6', '困難', 3, '30', 0, '2018-05-20', '5', '2人份', 2, 3, 27, '野餐'),
(68, '4', 4, '西式料理', '義大利蔬菜燉飯', 'western_show_21', '這個食譜中的所有東西都集中在一個平底鍋中。而且由於orzo是煮熟的義大利燉飯，只需要少量的水就可以煮熟，你甚至不需要排水。唯一不那麼簡單的是味道：雞肉香腸，溫熱的番茄，巴馬乾酪和馬蘇里拉起司。', '4.3', '簡單', 1, '15', 0, '2018-04-21', '4', '1人份', 1, 1, 26, '宵夜'),
(69, '4', 4, '西式料理', '豬肉玉米餅', 'western_show_22', '它是一個快速，更適合週末的一道菜，不會像通常那樣需要數小時的小火慢煮。為了在最短的時間內創造出深沉，溫暖的輪廓，你可以在地面豬肉中添加香料混合物和一點點原料，這使它變得美味，豐富和俏皮。它是這些玉米餅的核心，配有許多美味的配料，每個人都可以隨意添加。', '3.7', '中等', 2, '30', 0, '2018-03-22', '3', '2人份', 2, 2, 24, '早午餐'),
(70, '4', 4, '西式料理', '麵包粉脆皮烤雞腿', 'western_show_23', '脆皮麵粉裹上雞腿，由於經過調味的麵包屑塗層，雞肉幾乎和炸的一樣脆。當你吃到義大利面時，味道會變得更好，由於有點酸奶油，義大利面更加豐富。在微波爐中將花椰菜蒸熟並將所有東西分開後，加入神奇的點睛之筆：一點辛辣的蜂蜜醬。', '4.5', '簡單', 1, '30', 0, '2018-02-23', '2', '1人份', 1, 4, 30, '節慶'),
(71, '4', 4, '西式料理', '西班牙海鮮飯', 'western_show_24', '將雞蛋加入西班牙海鮮飯，西班牙最著名的米飯即刻變得更加豐盛。還有豌豆，番茄，甜椒和大量的芳香香料攪拌到這些穀物中。我們建議直接將平底鍋上桌，讓桌上的每個人都可以印象深刻。', '4.6', '困難', 3, '45', 0, '2018-01-24', '1', '3人份', 3, 5, 31, '甜點'),
(72, '4', 4, '西式料理', '檸檬香菜炒魷魚', 'western_show_25', '以前從未在家煮過大魷魚？不要擔心！在熱鍋中非常快速就可以製作出完美柔嫩的魷魚圈。胡椒香腸，配上檸檬與香菜，給你帶來餐廳一般的體驗。', '3.7', '簡單', 1, '30', 0, '2018-12-13', '12', '4人份', 4, 4, 27, '野餐'),
(73, '4', 4, '西式料理', '香蒜蔬食比薩', 'western_show_26', '無論誰說披薩都不健康，顯然從未嘗試過這種香蒜醬。它配上節瓜和花椰菜，可以加入額外的蔬菜，曬乾的番茄帶來一絲甜味，還有莫扎里拉起司，令人無法抗拒的奶油氣味。', '3.4', '困難', 3, '15', 0, '2018-11-14', '11', '2人份', 2, 5, 24, '早午餐'),
(74, '4', 4, '西式料理', '豬肉鳳梨漢堡', 'western_show_27', '豬肉和鳳梨是這些組合之一，可以讓你的味蕾做草裙，散發光芒，並乘著風到了沙灘。當然，我們必須找到一種方法將它變成漢堡。大蒜和大豆進一步增加了豬肉的味道，然後加入一點蜂蜜，補充了加入洋蔥片的溫暖鳳梨的甜味。', '3.5', '中等', 2, '30', 0, '2018-10-15', '10', '3人份', 3, 3, 24, '早午餐'),
(75, '4', 4, '西式料理', '奶油豬肉燉飯', 'western_show_28', '義大利燉飯通常需要花很多時間攪拌盛滿燉米的鍋子，但我們的廚師們發現了砂鍋的解決方法，使其變得簡單。將肉，米飯和蔬菜放入大鍋中快速翻攪後，整個過程中撒上起司並轉移到烤箱中，在那裡它會變成奶油狀，完美無缺。', '4.7', '中等', 2, '60', 0, '2018-09-16', '9', '2人份', 2, 1, 29, '健康輕食'),
(76, '4', 4, '西式料理', '美式快煮義大利麵', 'western_show_29', '將傳統的義大利麵食amatriciana（義大利面配有培根）變成了一頓可以在20分鐘內準備好的食物。你會用手碾碎番茄醬，只是為了感受舊世界的鄉村氣息。但是一旦他們進入平底鍋，一切都只有幾個簡單的攪拌。', '3.8', '簡單', 1, '15', 0, '2018-08-17', '8', '1人份', 1, 2, 24, '早午餐'),
(77, '4', 4, '西式料理', '普羅旺斯香草雞肉', 'western_show_30', '這是一頓為成年人提供大量精緻食品，同時保持兒童友好的一餐。它的特點是用普羅旺斯香草和巴爾乾香蒜醬調味的雞胸肉 - 換句話說，嫩白肉和一份俗氣的義大利面。對於蔬菜來說，葡萄番茄在醬汁中燉，使它們更加美味，多汁，並且保證滿意。', '4.2', '中等', 2, '60', 0, '2018-07-18', '7', '4人份', 4, 2, 24, '早午餐'),
(78, '4', 4, '西式料理', '炭烤起司手撕豬肉三明治', 'western_show_31', '烤起司是一種經典的舒適菜餚，可以讓你的臉上帶著微笑，帶你到一個快樂的地方。那怎麼可能改進呢？用手撕開鮮嫩豬肉，所有那些溫暖，粘糊糊的美味需要一些很酷的東西讓它平靜下來，所以我們加入番茄黃瓜沙拉來完成這頓飯。', '3.9', '簡單', 1, '15', 0, '2018-06-19', '6', '2人份', 2, 2, 29, '健康輕食'),
(79, '4', 4, '西式料理', '肋眼牛排佐松露馬鈴薯泥', 'western_show_32', '當你想要享受美味可口的東西時，沒有什麼比一塊好牛排更能提供即時的滿足感了，搭配上四季豆和松露馬鈴薯泥，給你均衡又美味的一餐。', '4.7', '困難', 3, '45', 0, '2018-05-20', '5', '1人份', 1, 4, 28, '派對'),
(80, '4', 4, '西式料理', '法式檸檬鮭魚', 'western_show_33', '在鋁箔包裝內密封鮭魚可使魚與芳香的蘆筍和檸檬一起蒸。法式香草醬為這款簡單的餐點增添了一絲優雅。', '4.3', '困難', 3, '60', 0, '2018-04-21', '4', '2人份', 2, 5, 28, '派對'),
(81, '5', 4, '西式料理', '鮮蝦酪梨生菜捲', 'western_show_34', '溫柔的波士頓生菜是炸玉米餅的完美低碳水化合物載體。淡淡的chipotle為這個等式添加了明顯的煙熏味。涼爽的大蒜 - 石灰奶油和奶油酪梨可以讓你的東西變清涼一點。', '4.4', '中等', 2, '30', 0, '2018-03-22', '3', '3人份', 3, 3, 29, '健康輕食'),
(82, '5', 4, '西式料理', '鮮蝦漢堡', 'western_show_35', 'Banh mi是一種流行的越南三明治，具有法國風情。它傳統上用硬皮麵包，大塊肉，醃製蔬菜和辛辣調味品製成。我們的廚師並沒有吃蔬菜或調味品，但他們確實換了麵包奶油蛋捲和蝦肉。它令人耳目一新（尤其是胡蘿蔔薯條）但令人難以置信的令人滿意。', '3.8', '中等', 2, '30', 0, '2018-02-23', '2', '2人份', 2, 2, 24, '早午餐'),
(83, '5', 4, '西式料理', '義大利切片牛排', 'western_show_36', 'Tagliata來自義大利語中的“切割”，指的是這種牛排總是切成薄片。事實上，傳說中的菜餚起源於一位特別頑固的貴婦，要求她的僕人為她做雕刻。我們很高興她的要求是先將牛腩切碎，再撒上一道香醋醬，然後將其撒在甘藷塊上，將它們浸泡在濃郁的醬汁中。', '3.7', '簡單', 1, '45', 0, '2018-01-24', '1', '4人份', 4, 1, 28, '派對'),
(84, '5', 4, '西式料理', '西班牙香腸雞肉燉飯', 'western_show_37', '在西班牙，西班牙海鮮飯是一種節日菜餚，用於大型聚會或慶祝活動，幾乎總是在木柴上烹飪。不要告訴西班牙人，但我們認為這也是一款非常棒的，快速簡單的一鍋式爐灶配方，即使在舒適溫馨的環境中也能享用。充滿雞肉，香腸和鮮紅辣椒，我們的版本感覺像一個多肉，鹹味，充滿風味的禧年。', '3.8', '困難', 3, '45', 0, '2018-12-13', '12', '2人份', 2, 2, 28, '派對'),
(85, '5', 4, '西式料理', '甜椒雞肉燉飯', 'western_show_38', '香腸，大蒜和紅辣椒使這個簡單的一鍋配方成為西班牙風味。在天然呈現的香腸油中烹飪雞肉，賦予其額外的味道和顏色。最好的部分？當米飯煮熟時，你將有足夠的時間來清理（或喝一杯葡萄酒）。', '4.1', '困難', 3, '45', 0, '2018-11-06', '11', '1人份', 1, 1, 29, '健康輕食'),
(86, '5', 4, '西式料理', '肉醬波菜義大利餃', 'western_show_39', '首先是一些切碎的蔬菜和雞肉香腸碎，在鍋裡快速煮熟。一旦你的水沸騰，就去餛飩，因為它們是新鮮的，它們會在瞬間完全變硬。在那之後，你要做的就是將奶油醬攪拌均勻放在盤子裡。', '4.2', '困難', 3, '30', 0, '2018-10-04', '10', '1人份', 1, 3, 29, '健康輕食'),
(87, '5', 4, '西式料理', '鐵板牛肉捲餅', 'western_show_40', '製作這些牛肉捲餅非常快速且簡單，可幫助您在晚餐時間喧囂忙碌。溫暖的麵粉玉米餅餡滿了，加上辛辣的酸奶油和切達起司。雖然準備工作可能很快，但我們非常肯定你會想要停下來欣賞每個fajita所擁有的風味。', '3.6', '簡單', 1, '30', 0, '2018-09-05', '9', '2人份', 2, 4, 29, '健康輕食'),
(88, '5', 4, '西式料理', '起司肉醬香烤茄子', 'western_show_41', '茄子是餡料的完美容器 - 一旦舀出，它們的中心形成一條小船，用於盛裝。切碎的蘑菇用奶油和蔥炒製蘑菇丁香酒，這是一種經典的法國製劑。', '4.2', '中等', 2, '45', 0, '2018-08-03', '8', '3人份', 3, 3, 29, '健康輕食'),
(89, '5', 4, '西式料理', '番茄義大利湯餃', 'western_show_42', '今晚給洗碗機休息一下：所有你需要把這個食譜放在一起的是一個鍋和幾個用於攪拌和切碎的器具。但僅僅因為它涉及最小的努力並不意味著它具有最小的味道。裝滿起司，切片的香腸，嫩菠菜葉和番茄湯，湯邊和泡沫，充滿義大利風味。', '3.5', '中等', 2, '30', 0, '2018-07-12', '7', '3人份', 3, 5, 29, '健康輕食'),
(90, '5', 4, '西式料理', '熱帶魚肉捲餅', 'western_show_43', '這些炸玉米餅隱藏著一種意想不到但卻令人愉悅的驚喜：金黃色，花蜜甜芒果。水果被塞進一個酥脆而濃郁的紅色捲心菜的香腸中，與酸味奶油細雨中的魚和辣椒煙的香料揉搓溫暖形成鮮明的對比。甚至更好的是，所有的善良瞬間匯集在一起：你可以在不到半小時的時間裡將這些玉米餅放在餐桌上。', '3.9', '中等', 2, '30', 0, '2018-06-17', '6', '4人份', 4, 3, 24, '早午餐'),
(91, '5', 4, '西式料理', '紐約客牛排', 'western_show_44', '牛排，馬鈴薯和蔬菜是一頓簡單的方法，可以做到美味佳餚。添加一點松露，在這個配方中，松露的味道與奶油混合在一起，產生了豐富的調味品，非常適合搭配牛排，這個感覺就像置身於你夢想的牛排館。', '4.3', '中等', 2, '45', 0, '2018-05-26', '5', '2人份', 2, 2, 28, '派對'),
(92, '5', 4, '西式料理', '烤雞肉捲餅', 'western_show_45', '墨西哥捲餅是一種包裹在擁抱中的食物。它的味道也像一個擁抱，所有的溫暖，舒適和舒適。我們非常肯定你的家人會張開雙臂擁抱這些火雞味的管狀魚雷。他們擁有每個人都喜歡的所有食材 - 溫暖的香草肉，起司和奶油馬鈴薯泥 - 加上豐盛的菠菜和番茄。', '4.2', '簡單', 1, '45', 0, '2018-04-25', '4', '3人份', 3, 5, 29, '健康輕食'),
(93, '5', 4, '西式料理', '辣椒起司雞肉', 'western_show_46', '根據您所在的地方，chiles rellenos可以塞滿肉或起司。唯一不變的是，它們總是以一種軟烤的綠色辣椒為特色。我們走中間路線並用兩者填充它們。在這些poblanos中，有一種溫暖的香料混合的火雞和米飯，以及頂部融化的蒙特里傑克起司。', '4.6', '中等', 2, '30', 0, '2018-03-27', '3', '3人份', 3, 3, 28, '派對'),
(94, '5', 4, '西式料理', '蔬食燉飯', 'western_show_47', '西班牙海鮮飯（Paella）是西班牙的一道菜，因其社會主義者而聞名，這種鍋巴在鍋底上形成。此版本採用迷迭香和煙熏辣椒粉調製而成，帶來獨特風味，為充滿活力的薑黃增添了絢麗的色彩。', '4.3', '中等', 2, '60', 0, '2018-02-03', '2', '4人份', 4, 5, 25, '素食'),
(95, '5', 4, '西式料理', '香料起司白比薩', 'western_show_48', '白色比薩餅沒有得到應有的信譽。僅僅因為它們沒有塗上厚重的番茄並不意味著它們缺乏味道。事實上，在我們的版本中，無醬油意味著所有的注意力都被帶到了澆頭上。在這裡，這是一個活潑的嬰兒花椰菜，鹹鹹的刺繡，以及大蒜和草本口味的義大利乳清乾酪蔓延。我們不打算與此爭論。', '4.1', '簡單', 1, '15', 0, '2018-01-02', '1', '2人份', 2, 1, 29, '健康輕食');

-- --------------------------------------------------------

--
-- 資料表結構 `menu01`
--

CREATE TABLE `menu01` (
  `id` int(5) NOT NULL,
  `category_id` varchar(255) NOT NULL DEFAULT '1',
  `country_id` int(11) NOT NULL,
  `country` varchar(255) NOT NULL,
  `menu` varchar(200) NOT NULL,
  `menu_img` varchar(200) NOT NULL,
  `Introduction` varchar(200) NOT NULL,
  `difficult` varchar(10) NOT NULL,
  `difficult_id` int(11) NOT NULL,
  `time` varchar(10) NOT NULL,
  `time_id` int(11) NOT NULL,
  `upload_time` date NOT NULL,
  `upload_time_sid` varchar(11) NOT NULL,
  `serving` varchar(255) NOT NULL,
  `serving_id` int(11) NOT NULL,
  `member_id` int(11) NOT NULL,
  `occasion_id` int(11) NOT NULL,
  `occasion` varchar(255) NOT NULL,
  `rating` decimal(11,1) NOT NULL
) ENGINE=InnoDB DEFAULT CHARSET=utf8;

--
-- 資料表的匯出資料 `menu01`
--

INSERT INTO `menu01` (`id`, `category_id`, `country_id`, `country`, `menu`, `menu_img`, `Introduction`, `difficult`, `difficult_id`, `time`, `time_id`, `upload_time`, `upload_time_sid`, `serving`, `serving_id`, `member_id`, `occasion_id`, `occasion`, `rating`) VALUES
(1, '1', 2, '中式料理', '糖醋雞', 'china_show_1.jpg', '糖醋可能是中國人的主食，但我們的DIY版本證明了在家製作時有些東西更好（並且完全值得付出努力）。這是因為它的油脂少，蔬菜更多，所以它感覺更輕，味道也更亮。甚至還有一些鳳梨扔進雞肉和辣椒的混合物中，以確保您獲得充足的甜蜜，甜蜜的滿足感。', '簡單', 1, '15分鐘', 1, '2018-07-21', '7', '1人份', 1, 5, 28, '派對', '4.8'),
(2, '1', 2, '中式料理', '雞肉撈麵', 'china_show_2.jpg', '絕對好吃的秘密，有彈性、新鮮的麵條，具有令人滿意的口感，在他們的每一條麵條上吸收可口的大豆海鮮醬。它們被綠豆，胡蘿蔔，蘑菇和雞肉攪拌成一碗素食和蛋白質包裝好的食物。', '中等', 2, '30分鐘', 2, '2018-04-30', '4', '1人份', 1, 3, 27, '野餐', '4.2'),
(3, '1', 2, '中式料理', '芝麻紅燒牛肉', 'china_show_3.jpg', '你可能聽說過海鮮醬，但不是每個人都知道它是什麼。中國的成分，如味噌，主要是用大豆製成的，通過發酵的魔力獲得了令人難以置信的複雜性。但它也有一種甜蜜，這使它非常容易受人喜愛。在這種炒菜中，這意味著一種美味的醬汁，可以覆蓋每一寸牛肉和蔬菜。還有一點蜂蜜，可以進一步提升這些口味。', '困難', 3, '45分鐘', 3, '2018-10-07', '10', '2人份', 2, 2, 28, '派對', '4.6'),
(4, '1', 2, '中式料理', '蘑菇撈麵', 'china_show_4.jpg', '當你換掉通常的肉類改吃蘑菇和蔬菜，如胡蘿蔔和四季豆時，中式的撈麵會變得更加刺激和健康。在這個配方中，你將在醬汁中練習炒烏龍面，直到它們充滿了鹹味，大豆，海鮮和芝麻味，每口味道都會爆炸。', '中等', 2, '60分鐘', 4, '2018-09-12', '9', '1人份', 1, 5, 25, '素食', '4.4'),
(5, '1', 2, '中式料理', '烤肉丸', 'china_show_5.jpg', '我們是烘烤肉丸（而不是煎炸）的忠實粉絲，因為這樣他們就會變得美味，豐滿，多汁，沒有油脂。但為了保證安全，並確保這個配方充滿了味道，我們將它們塗在甜蜜的醬汁中，並加入扁豆，以獲得一點清脆和緊縮。咬一口，你會被迷住。', '簡單', 1, '45分鐘', 3, '2018-10-08', '10', '1人份', 1, 4, 27, '野餐', '4.1'),
(6, '1', 2, '中式料理', '蜂蜜海鮮牛肉', 'china_show_6.jpg', '你可能聽說過海鮮醬，但不是每個人都知道它是什麼。中國的秘方，如味噌，主要是用大豆製成的，通過發酵的魔力獲得了令人難以置信的複雜性。但它也有一種甜蜜，這使它非常容易愛。在這種炒菜中，這意味著一種美味的醬汁，可以覆蓋每一寸牛肉和蔬菜。還有一點蜂蜜，可以進一步提升這些口味。', '中等', 2, '15分鐘', 1, '2018-09-01', '9', '4人份', 4, 1, 30, '節慶', '4.2'),
(7, '1', 2, '中式料理', '紫菜豬肉玉米餅', 'china_show_7.jpg', '最初的紫高麗菜來自中國北方，豬肉和蔬菜的混合物通常配有薄而扁平的小麥包裝。因此，對於我們來說，使用溫暖的麵粉玉米餅來包裹美味的食材，對我們來說似乎沒什麼大不了的。然而，海洋蛋黃醬是一種跳躍，絕對非傳統的添加，提供甜和奶油的上癮組合。', '中等', 2, '45分鐘', 3, '2018-07-09', '7', '2人份', 2, 4, 29, '健康輕食', '4.0'),
(8, '1', 2, '中式料理', '蜂蜜雞肉', 'china_show_8.jpg', '我們都對甜甜雞肉有一個情有獨鍾，這是外賣晚餐和商場美食廣場的主食。但這並不是你在本週的任何一個晚上都會吃到的東西 - 直到現在。我們正在把醬汁更換成新鮮的生薑和蜂蜜和醬油。在茉莉香米床上配上嫩豌豆，這個配方值得嘗試。', '簡單', 1, '15分鐘', 1, '2018-08-06', '8', '2人份', 2, 3, 29, '健康輕食', '4.7'),
(9, '1', 2, '中式料理', '豬肉DIY餃子', 'china_show_9.jpg', '製作自製餃子聽起來令人生畏，但我們承諾它比你想像的容易。相信我們：如果你可以將一個正方形折成兩個，你可以製作這些充滿豬肉的美食。在填充和折疊它們之後，你將在平底鍋裡將它們煎炸，直到它們變成金黃色和酥脆的狀態，然後用鬆脆的沙拉和醬油點綴它們。', '中等', 2, '45分鐘', 3, '2018-08-14', '8', '4人份', 4, 2, 26, '宵夜', '4.9'),
(10, '1', 2, '中式料理', '海鮮牛肉拌飯', 'china_show_10.jpg', '你可能聽說過海鮮醬，但不是每個人都知道它是什麼。中國的成分，如味噌，主要是用大豆製成的，通過發酵的魔力獲得了令人難以置信的複雜性。但它也有一種甜蜜，這使它非常容易受人喜愛。在這種炒菜中，這意味著一種美味的醬汁，可以覆蓋每一寸牛肉和蔬菜。還有一點蜂蜜，可以進一步提升這些口味。', '簡單', 1, '15分鐘', 1, '2018-09-22', '9', '2人份', 2, 3, 31, '甜點', '4.2'),
(11, '1', 2, '中式料理', '炒牛肉', 'china_show_11.jpg', '炒飯是一個方便的晚餐盤，因為你可以快速地將它們放在桌子上，而不用大驚小怪。準備好你的蛋白質和蔬菜，將簡單的醬汁攪拌在一起，然後讓這些成分在鍋中嘶嘶作響。對於這個作法，我們在生薑，大蒜和醬油的醃料加入牛肉塊中，甜椒和白菜。這很簡單但非常令人滿意。', '困難', 3, '15分鐘', 1, '2018-07-04', '7', '2人份', 2, 1, 30, '節慶', '4.1'),
(12, '1', 1, '日韓料理', '芥末辛格鮭魚', 'japan_show_1.jpg', '芥末可能更為人所知的是壽司帶來的綠色辣味，但它可以用在很多方面。在這個食譜中，將辣根糊混合成，為鮭魚創造一種相同的味道，味道濃郁，興奮，令人振奮。這裡的魚配芝麻四季豆和蔥米飯，結合了亞洲風味和經典簡單的技術。', '困難', 3, '15分鐘', 1, '2018-08-06', '8', '2人份', 2, 4, 27, '野餐', '4.4'),
(13, '1', 1, '日韓料理', '烤雞肉串', 'japan_show_2.jpg', '烤雞肉串是日本最受歡迎的深夜街頭食品，在那裡你可以找到內襯木炭烤架的小巷，售賣數百種烤串。我們用甜蒜醬油醃製我們的雞肉烤雞肉串，然後將它們放在香脆的炒麵和鬆脆的青豆上面。', '簡單', 1, '30分鐘', 2, '2018-11-04', '11', '1人份', 1, 3, 26, '宵夜', '4.5'),
(14, '1', 3, '台灣料理', '香菇拉麵', 'japan_show_3.jpg', '拉麵是真正的優惠。鮮美的肉湯給這道菜帶來了濃厚的深度，而肉質的香菇和海藻則增添了意想不到的味道。警告：可能會發生大聲啜泣。', '困難', 3, '15分鐘', 1, '2018-05-09', '5', '2人份', 2, 2, 25, '素食', '4.2'),
(15, '1', 1, '日韓料理', '芝麻蜂蜜牛肉炒', 'japan_show_4.jpg', '如果你一直在努力讓你的孩子吃胡蘿蔔，我們認為我們已經發現了一個非常漂亮的技巧。在這裡，富含維生素A的蔬菜被刨成絲，可以在叉子周圍旋轉。所以沒有大塊或者挑剔的食客可以反對。它有助於他們用碎牛肉和芝麻，蜂蜜和大豆醬塗裹，這增加了易於愛的甜味和鹹味。', '困難', 3, '45分鐘', 3, '2018-07-09', '7', '4人份', 4, 1, 30, '節慶', '4.6'),
(16, '1', 3, '台灣料理', '紅燒豬里脊肉', 'japan_show_5.jpg', '你所需要的只是一塊醬油和一些甜蜜的東西，你在做生意。通過這種簡單的日式炒菜配方，您可以輕鬆地隨時享用紅燒時間。在這裡，我們使用豬里脊肉和蘆筍，但醬汁適用於各種各樣的蛋白質和蔬菜。', '中等', 2, '30分鐘', 2, '2018-10-01', '10', '4人份', 4, 1, 31, '甜點', '4.6'),
(17, '1', 1, '日韓料理', '芥末酸橙三文魚', 'japan_show_6.jpg', '通常不會在壽司盤外面看到芥末。但是，調味品可以用來為各種各樣的菜餚添加一個意想不到的提升 - 就像這頓煎烤三文魚和白菜醬油浸的米飯，從基本到大膽的芥末醬。?你希望味道它有一個提升，而不是一個衝擊力。', '簡單', 1, '45分鐘', 3, '2018-10-15', '10', '3人份', 3, 5, 29, '健康輕食', '4.9'),
(19, '1', 3, '台灣料理', '鳳梨豬肉拌飯', 'japan_show_8.jpg', '用這個食譜進入一個熱帶的溝槽，有點甜，有點咸。它的中心是用甜金黃鳳梨塊製成的豬排。但冒險並沒有就此止步 - 它繼續進入扁豆和胡蘿蔔。這一切都是在泰國羅勒米飯旁邊供應的，它完成了這道菜的味道非常有趣。', '困難', 3, '30分鐘', 2, '2018-09-28', '9', '2人份', 2, 1, 30, '節慶', '4.5'),
(20, '1', 3, '台灣料理', '芝麻炒牛肉', 'japan_show_9.jpg', '如果你從來沒有過於熱衷於胡蘿蔔，我們發現了一個非常漂亮的技巧，可能會讓你再次思考富含維生素A的蔬菜。在這個食譜中，它們被切成絲帶，並用芝麻，蜂蜜和醬油調味，加入甜味和鹹味的牛肉。搭配蓬鬆的茉莉香米，這是簡單的周末炒菜，讓您的味蕾唱歌。', '簡單', 1, '30分鐘', 2, '2018-08-16', '8', '4人份', 4, 5, 27, '野餐', '4.3'),
(21, '1', 1, '日韓料理', '日式豬排', 'japan_show_10.jpg', '我們的廚師在提出食譜時從菜餚中獲取靈感 ，將視為日本對炸肉排的回答，其中包括帶有鹹味甜醬的麵包屑肉。他們略微適應了它，使用酸奶作為額外的保險，以確保麵包屑粘在薄切豬肉上。但這種變化使世界變得與眾不同，保證了一種酥脆的金棕色外殼。', '困難', 3, '45分鐘', 3, '2018-09-27', '9', '1人份', 1, 3, 26, '宵夜', '4.7'),
(22, '1', 3, '台灣料理', '烤鮭魚', 'japan_show_11.jpg', '對於這個食譜，我們的廚師想出了一種烤鮭魚的方法，它有一些內置的技巧，以幫助確保這些魚片完全烤。他們使用鋁箔來防止皮膚粘在格柵上（它還可以保留可口的海苔佐料）。如果你喜歡在平底鍋裡煎魚，你仍然可以這樣做，還有嫩白菜和飯。', '簡單', 1, '60分鐘', 4, '2018-07-05', '7', '2人份', 2, 4, 29, '健康輕食', '4.8'),
(23, '1', 1, '日韓料理', '照燒炒雞肉', 'japan_show_12.jpg', '簡單快速的遊戲名稱是我們的即食紅燒醬汁，預製雞肉條和微波爐。只需幾分鐘就把肉和扁豆扔在鍋裡，只需倒入醬汁就可以了。只是不要忘記芝麻裝飾，它打開了煽情和鹹味炒菜魔法的大門。', '中等', 2, '60分鐘', 4, '2018-10-04', '10', '3人份', 3, 4, 30, '節慶', '4.5'),
(24, '1', 1, '日韓料理', '日式照燒雞', 'japan_show_13.jpg', '日本似乎不是炸雞配方的來源，但它是，並且雞肉味道鮮美。這些薄薄的肉餅塗上了麵包屑，然後在鍋中嘶嘶作響，直到它們呈現出金黃色和清脆的味道。然後，炸雞排醬在上面淋上 - 你可以把它想像成燒烤醬的大豆為基礎的答案。如果這還不夠，那麼蓬鬆的米和芝麻撒上的扁豆就會說服你把這種日本的舒適食物當作自己的食物。', '簡單', 1, '60分鐘', 4, '2018-11-20', '11', '2人份', 2, 1, 31, '甜點', '4.7'),
(25, '1', 5, '東南亞料理', '泰式羅勒炒豬肉', 'thai_show_1.jpg', '靈感來自泰國菜，這種豬肉炒菜的主要口味來自甜泰式羅勒。這種草藥比意大利的草本具有更加大膽和辛辣的味道，與醬油和大蒜等成分的美味相得益彰。它還為蔬菜帶來了額外的綠葉調味 - 這裡是用白菜。', '中等', 2, '30分鐘', 2, '2018-09-08', '9', '4人份', 4, 3, 27, '野餐', '4.1'),
(26, '1', 5, '東南亞料理', '泰式五香豬肉拌米線', 'thai_show_2.jpg', '我們的泰國調味料是一種風味強大的香料，香菜和肉桂以及少許辣椒熱。在這個配方中，它將溫的豬肉轉化為令人難以置信的東西。甜蜜的迷你青椒，脆脆的花生和一團混亂的米粉也會混合在一起，這是一種令人愉快的菜餚。', '簡單', 1, '60分鐘', 4, '2018-07-07', '7', '1人份', 1, 2, 28, '派對', '4.5'),
(27, '1', 5, '東南亞料理', '雞肉沙嗲串', 'thai_show_3.jpg', '經驗豐富的肉串搭配蘸醬，起源於印度尼西亞，被認為是一道國菜。您也可以在整個東南亞找到它，它以多種不同的方式供應。這個配方基於最流行的版本，雞肉配椰子，花生和柑橘醬。', '困難', 3, '30分鐘', 2, '2018-07-29', '7', '2人份', 2, 3, 26, '宵夜', '4.0'),
(28, '1', 5, '東南亞料理', '蝦拌米線', 'thai_show_4.jpg', '在其原產泰國，墊看到米線總是定制的，少量的 - 一次不超過幾份。這不僅是因為它出來炙熱而且很熱，而且所有的成分都有足夠的空間在鍋裡灼燒。這就是為什麼這個食譜非常適合快速晚餐：當你把米粉，醬汁，蝦拌一起時，你可以假裝你是一個曼谷街頭食品小販巧妙地為一個喜歡的顧客鞭打一批。', '簡單', 1, '60分鐘', 4, '2018-08-06', '8', '2人份', 2, 1, 30, '節慶', '4.5'),
(29, '1', 5, '東南亞料理', '泰式沙嗲牛肉串', 'thai_show_5.jpg', '沙爹是整個東南亞地區的一道受歡迎的菜餚，包括串肉和奶油花生醬。它通常作為休閒食品，但我們在香茉莉香米和香脆烤西蘭花的幫助下將其膨化成一頓飯。', '困難', 3, '30分鐘', 2, '2018-06-07', '6', '3人份', 3, 5, 31, '甜點', '3.9'),
(30, '1', 5, '東南亞料理', '炒辣椒蝦', 'thai_show_6.jpg', '辣東南亞調味品的世界遠遠超出了範疇。事實上，甜泰辣椒醬可能只是在其周圍的可愛性方面比它更受歡迎的表親更勝一籌。當然，它具有強烈的熱量，但也有黏著的甜味，為你穿上的任何東西增添光澤。對於這種快速炒菜中的蝦和白菜來說，這意味著即時一層充滿活力，舔你的嘴唇的好味道。', '簡單', 1, '30分鐘', 2, '2018-09-09', '9', '4人份', 4, 4, 30, '節慶', '4.8'),
(31, '1', 5, '東南亞料理', '豬肉羅勒炒飯', 'thai_show_7.jpg', '我們無法決定我們最喜歡這道菜的哪一部分。是地面豬肉配上花生，或者是具有令人驚嘆的綠色色調和香草香氣的玉米飯呢？也許這是烤四季豆，它們令人滿意的脆度。無論如何，他們都聚集在一起創造出一種風味的交響樂。', '中等', 2, '45分鐘', 3, '2018-09-19', '9', '4人份', 4, 1, 27, '野餐', '5.2'),
(32, '1', 5, '東南亞料理', '泰式檸檬香茅雞腿', 'thai_show_8.jpg', '泰國菜以其對芳香的熱愛而聞名。在這種精神下，我們用檸檬，香茅，大蒜和更多的物品包裝了這個食譜，讓你的廚房聞起來很香。它們被扔進一條粘稠而甜美的雞腿中，在每一口都會產生一股風味。加一莉香米和扁豆到一邊，讓你滿足。', '簡單', 1, '45分鐘', 3, '2018-10-10', '10', '3人份', 3, 2, 28, '派對', '4.7'),
(33, '1', 5, '東南亞料理', '白菜拌黑米', 'thai_show_9.jpg', '黑米，如藍莓和茄子，從花青素，天然色素，也是心臟健康的抗氧化劑中獲得令人驚嘆的深色。然而，這不是吃掉它的唯一原因 - 它具有令人愉快的堅果。這種風味和重量使其成為在這個配方的白菜和蘑菇炒菜中浸泡大豆和芝麻口味醬汁的理想媒介。', '中等', 2, '30分鐘', 2, '2018-10-17', '10', '3人份', 3, 3, 25, '素食', '4.1'),
(34, '1', 5, '東南亞料理', '牛肉米線', 'thai_show_10.jpg', '我們喜歡嘗試新的原料和嘗試口味，不時地超越平凡。這種蔬菜包裝的牛肉麵碗是讓您的家人也這樣做的好方法。它以米粉的令人愉悅的彈跳為特色，以及泰式調味料中醃製的令人難以置信的牛肉芳香。但它是贏家的真正原因是頂部的花生醬，堅果，來加強味道之所在。', '中等', 2, '45分鐘', 3, '2018-10-28', '10', '2人份', 2, 4, 26, '宵夜', '3.9'),
(35, '1', 5, '東南亞料理', '泰式炒豬肉', 'thai_show_11.jpg', '泰國菜以其熱量而聞名，但它也有更溫和的食譜，專注於草藥和芳香。我們採用傳統的肉類和草藥炒菜，將薄荷和生薑放在正面和中間位置， 這對蔬菜和豬肉以明亮開朗的味道淋上了盤子。', '簡單', 1, '30分鐘', 2, '2018-11-05', '11', '1人份', 1, 1, 27, '野餐', '4.2'),
(36, '1', 5, '東南亞料理', '檸檬草豬肉漢堡', 'thai_show_12.jpg', '我們喜歡泰國菜如何擁有一些非常有趣和時髦的口味，如芬芳的新鮮香草，柑橘檸檬草和火熱的辣椒。因此，當我們想要創造一個超越平凡的漢堡時，這些獨特的成分被證明是我們所需要的靈感。它們在整個豬肉餡餅中編織而成，賦予它們濃郁的芳香味，與甜味和嫩胡蘿蔔薯條搭配得很好。', '困難', 3, '30分鐘', 2, '2018-11-13', '11', '1人份', 1, 5, 24, '早午餐', '4.7'),
(37, '1', 5, '東南亞料理', '泰式五香豬肉丸子', 'thai_show_13.jpg', '意大利面和肉丸不一定是嚴格的紅醬。事實上，我們正??在通過這種旋轉將這道菜帶到亞洲之旅。在我們的泰式混合大蒜，芝麻和香料中加入調味的磨碎的豬肉麵條，加上花椰菜，以保持綠色。在你的叉子（或筷子）周圍轉動也同樣有趣！', '簡單', 1, '45分鐘', 3, '2018-11-17', '11', '1人份', 1, 3, 30, '節慶', '4.2'),
(38, '1', 1, '日韓料理', '烤碎牛肉拌飯', 'korean_show_1.jpg', '如果你無法獲得足夠的亞洲風味，那麼此道肯定會讓你滿意。這道韓國菜以芝麻和醬油醃料中的牛肉為中心，略帶甜味。但肉類只是眾多亮點中的一個：還有酥脆的快速醃黃瓜，嫩胡蘿蔔和辛辣的酸奶油，整個蓬鬆的白米飯。', '中等', 2, '60分鐘', 4, '2018-11-23', '11', '2人份', 2, 4, 31, '甜點', '4.1'),
(39, '1', 1, '日韓料理', '烤豬肉丸子', 'korean_show_2.jpg', '你喜歡肉丸，但不知道如何超越平常吃肉丸？這是一種知道怎麼了韓國風味的醬汁。以醬油為基礎，它具有成年人喜愛的美味複雜性，加上足夠的甜味，使其吸引年輕人的口味。在這個配方中，它用於上豬肉丸，給它們一層額外的味道，與芝麻口味的米飯，胡蘿蔔完美搭配。', '簡單', 1, '30分鐘', 2, '2018-11-27', '11', '3人份', 3, 1, 26, '宵夜', '4.1'),
(40, '1', 1, '日韓料理', '蜂蜜芝麻炒牛肉', 'korean_show_3.jpg', '如果你一直在努力讓你的孩子吃胡蘿蔔，我們認為我們已經發現了一個非常漂亮的解決方法。在這裡，它們被刨成絲，所以沒有大塊或者挑剔的食客可以反對。它還有助於它們塗上芝麻，蜂蜜和大豆醬，這增加了易於愛吃的甜味和鹹味。', '簡單', 1, '60分鐘', 4, '2018-12-03', '12', '1人份', 1, 2, 27, '野餐', '4.6'),
(41, '1', 1, '日韓料理', '泡菜辣醬捲餅', 'korean_show_4.jpg', '墨西哥捲餅是提供泡菜醬的強烈風味的完美載體（這是韓國泡菜帶來的辛辣汁，它在這裡的作用就像辣醬一樣帶有鹹味，鹹味的辣味）。米飯，黑豆，胡蘿蔔和黃瓜的餡料可以吸收所有的辛辣味，每次都能提供充足的活力。另一方面，你還有一個胡蘿蔔和黃瓜沙拉，這也不會讓球失去靈活性和緊縮感。', '困難', 3, '60分鐘', 4, '2018-12-07', '12', '2人份', 2, 5, 24, '早午餐', '4.4'),
(42, '1', 1, '日韓料理', '韓式牛肉拌飯', 'korean_show_5.jpg', '這道菜的名字來源於韓國的混合米飯。你把米飯放在一個碗裡，然後將它們混合在一起，使這些口味和質地結合在一個光榮的混搭中。這裡也有很多口味和質地，如胡蘿蔔，多汁的南瓜，以及用大蒜，生薑和大豆搗碎的牛肉。', '中等', 2, '30分鐘', 2, '2018-12-13', '12', '1人份', 1, 4, 26, '宵夜', '4.2'),
(43, '1', 1, '日韓料理', '糙米拌飯', 'korean_show_6.jpg', '穀物碗最近有一些時刻，從時髦的餐館到社交媒體飼料隨處可見。但是，在石鍋拌飯的同時，韓國在拍下你的晚餐的智能手機照片之前，已經完善了碗的藝術方式。從最基本的角度來看，這道菜包括米飯，上面放著各種蔬菜，蛋白質和火辣醬。包括胡蘿蔔和南瓜，以及嫩薑花椰菜和生薑和大豆醬淋的蘑菇。', '簡單', 1, '60分鐘', 4, '2018-12-13', '12', '4人份', 4, 1, 24, '早午餐', '4.8'),
(44, '1', 1, '日韓料理', '豬肉蔬菜拌飯', 'korean_show_7.jpg', '這道菜的名字來源於韓國的混合米飯。這正是你在服務之後要做的事情：將米飯放入碗中，加入澆頭，將它們混合在一起，使這些口味和質地結合在一個光榮的混搭中。這裡也有很多口味和質地，如甜胡蘿蔔，多汁的南瓜，以及用大蒜，生薑和大豆搗碎的豬肉。', '簡單', 1, '60分鐘', 4, '2018-10-11', '10', '3人份', 3, 3, 24, '早午餐', '4.9'),
(45, '1', 1, '日韓料理', '烤雞腿炸玉米餅', 'korean_show_8.jpg', '韓國和墨西哥的風味可能看起來像是烹飪頻譜的兩端。但是當他們在中間相遇時，結果絕對美味。這些混搭玉米餅配有烤雞肉醬 - 韓式醬油和芝麻醃料，帶有一點甜味。當你把它塞進捲心菜，捲心菜，醃黃瓜和辛辣的奶酪時，感覺就像是在你口中的邊境跳躍慶祝。', '簡單', 1, '30分鐘', 2, '2018-09-17', '9', '2人份', 2, 1, 24, '早午餐', '4.7'),
(46, '1', 1, '日韓料理', '雞腿拌泡菜辣醬', 'korean_show_9.jpg', '泡菜（韓國泡菜）通常都是用辛辣的鹽水包裝好的，你可以把它裝瓶，就像你自己的秘製醬一樣。好吧，猜猜看：我們已經做到了這一點，利用它為雞大腿增添了一些激烈的個性。保持東方主題，旁邊還有一個亞洲梨和芝麻醬，可以抵消熱量和甜味，再加上米飯可以吸收所有的味道。', '困難', 3, '15分鐘', 1, '2018-07-06', '7', '4人份', 4, 5, 29, '健康輕食', '4.1'),
(47, '1', 1, '日韓料理', '韓式雞腿', 'korean_show_10.jpg', '韓國料理並不羞於使用大而大膽的口味。這些雞大腿也不例外。他們從亞洲國家著名的炸雞版中汲取靈感，使用甜味，辛辣和鹹味的醬汁，賦予他們獨特的個性。為了在這個盤子上完成充滿活力的陣列，我們加入了一份酥脆的芝麻黃瓜沙拉和一份米飯。', '困難', 3, '15分鐘', 1, '2018-10-31', '10', '1人份', 1, 4, 30, '節慶', '3.8'),
(112, '1', 0, '', '漢堡', '789.jpg', '漢堡好吃', '困難', 0, '30分鐘', 0, '0000-00-00', '', '3人份', 0, 6, 0, '', '4.2'),
(113, '1', 0, '', '123145125', '', '12312451', '困難', 0, '30分鐘', 0, '0000-00-00', '', '2人份', 0, 6, 0, '', '4.1'),
(114, '1', 0, '', '123141123', '', '12314124124', '簡單', 0, '30分鐘', 0, '0000-00-00', '', '1人份', 0, 6, 0, '', '4.2'),
(115, '1', 0, '', '漢堡', '789.jpg', '漢堡好吃', '困難', 0, '30分鐘', 0, '0000-00-00', '', '3人份', 0, 6, 0, '', '4.1'),
(116, '1', 0, '', '123142', '', '', '', 0, '', 0, '0000-00-00', '', '', 0, 6, 0, '', '4.8'),
(117, '1', 0, '', '131241241241', '', '', '', 0, '', 0, '0000-00-00', '', '', 0, 6, 0, '', '4.2'),
(118, '1', 0, '', '漢堡', '789.jpg', '漢堡好吃', '困難', 0, '15分鐘', 0, '0000-00-00', '', '2人份', 0, 6, 0, '', '4.4'),
(119, '1', 0, '', '漢堡', '789.jpg', '漢堡好吃', '困難', 0, '30分鐘', 0, '0000-00-00', '', '3人份', 0, 6, 0, '', '4.5'),
(120, '1', 0, '', '漢堡', '789.jpg', '漢堡好吃', '稍難', 0, '15分鐘', 0, '0000-00-00', '', '2人份', 0, 6, 0, '', '3.9'),
(121, '1', 0, '', '漢堡好吃', '789.jpg', '漢堡好吃', '稍難', 0, '30分鐘', 0, '0000-00-00', '', '2人份', 0, 6, 0, '', '4.2'),
(122, '1', 0, '', '漢堡好吃', '789.jpg', '漢堡好吃', '困難', 0, '30分鐘', 0, '0000-00-00', '', '3人份', 0, 6, 0, '', '4.8'),
(123, '1', 0, '', '漢堡好吃', '789.jpg', '漢堡好吃', '困難', 0, '15分鐘', 0, '0000-00-00', '', '3人份', 0, 6, 0, '', '4.7'),
(124, '1', 0, '', 'ingredients_1', '456.jpg', 'ingredients_1', '簡單', 0, '15分鐘', 0, '0000-00-00', '', '1人份', 0, 6, 0, '', '4.4'),
(125, '1', 0, '', '444444', '', '444444', '困難', 0, '15分鐘', 0, '0000-00-00', '', '2人份', 0, 6, 0, '', '4.1');

-- --------------------------------------------------------

--
-- 資料表結構 `nutritional_value`
--

CREATE TABLE `nutritional_value` (
  `id` int(5) NOT NULL,
  `value_1` varchar(200) NOT NULL,
  `value_2` varchar(200) NOT NULL,
  `value_3` varchar(200) NOT NULL,
  `value_4` varchar(200) NOT NULL,
  `value_5` varchar(200) NOT NULL,
  `value_6` varchar(200) NOT NULL,
  `value_7` varchar(200) NOT NULL,
  `value_8` varchar(200) NOT NULL,
  `value_9` varchar(200) NOT NULL,
  `value_10` varchar(200) NOT NULL
) ENGINE=InnoDB DEFAULT CHARSET=utf8;

--
-- 資料表的匯出資料 `nutritional_value`
--

INSERT INTO `nutritional_value` (`id`, `value_1`, `value_2`, `value_3`, `value_4`, `value_5`, `value_6`, `value_7`, `value_8`, `value_9`, `value_10`) VALUES
(1, '2845KJ', '680千卡', '20克', '6克', '93克', '12克', '3克', '41克', '135毫克', '720毫克'),
(2, '2594KJ', '620千卡', '14克', '1.5克', '69克', '15克', '6克', '48克', '120毫克', '990毫克'),
(3, '2092KJ', '500千卡', '12克', '3.5克', '61克', '16克', '3克', '31克', '55毫克', '770毫克'),
(4, '2008KJ', '480千卡', '17克', '2克', '70克', '15克', '7克', '11克', '0毫克', '900毫克'),
(5, '2720KJ', '650千卡', '29克', '10克', '63克', '11克', '4克', '34克', '95毫克', '350毫克'),
(6, '2176KJ', '520千卡', '14克', '5克', '66克', '16克', '3克', '30克', '70毫克', '810毫克'),
(7, '2887KJ', '690千卡', '45克', '14克', '40克', '7克', '3克', '27克', '100毫克', '850毫克'),
(8, '2134KJ', '510千卡', '10克', '1.5克', '54克', '10克', '2克', '43克', '120毫克', '570毫克'),
(9, '3473KJ', '830千卡', '39克', '9克', '79克', '13克', '4克', '30克', '75毫克', '1330毫克'),
(10, '2343KJ', '560千卡', '17克', '6克', '66克', '16克', '3克', '35克', '85毫克', '830毫克'),
(11, '2552KJ', '610千卡', '25克', '8克', '47克', '11克', '4克', '40克', '110毫克', '510毫克'),
(12, '2929KJ', '700千卡', '38克', '11克', '57克', '6克', '4克', '38克', '110毫克', '370毫克'),
(13, '3016KJ', '721千卡', '13克', '1克', '96克', '19克', '6克', '55克', '0毫克', '3027毫克'),
(14, '1711KJ', '409千卡', '11克', '0克', '80克', '0克', '6克', '10克', '0毫克', '0毫克'),
(15, '2803KJ', '670千卡', '33克', '9克', '65克', '16克', '6克', '31克', '90毫克', '1000毫克'),
(16, '2552KJ', '610千卡', '11克', '2.5克', '74克', '10克', '3克', '10克', '110毫克', '780毫克'),
(17, '2761KJ', '660千卡', '27克', '4.5克', '55克', '4克', '4克', '44克', '85毫克', '860毫克'),
(18, '2167KJ', '518千卡', '23克', '0克', '60克', '0克', '4克', '19克', '0毫克', '0毫克'),
(19, '2301KJ', '550千卡', '14克', '3克', '63克', '18克', '5克', '43克', '90毫克', '570毫克'),
(20, '2803KJ', '670千卡', '33克', '9克', '65克', '16克', '6克', '31克', '90毫克', '1000毫克'),
(21, '3598KJ', '860千卡', '44克', '8克', '74克', '19克', '3克', '46克', '100毫克', '720毫克'),
(22, '3012KJ', '720千卡', '41克', '11克', '56克', '9克', '3克', '32克', '105毫克', '420毫克'),
(23, '3180KJ', '760千卡', '24克', '6克', '64克', '20克', '5克', '72克', '215毫克', '1120毫克'),
(24, '2845KJ', '680千卡', '26克', '5克', '68克', '8克', '5克', '37克', '115毫克', '580毫克'),
(25, '2510KJ', '600千卡', '31克', '11克', '52克', '7克', '4克', '29克', '90毫克', '1000毫克'),
(26, '3556KJ', '850千卡', '42克', '9克', '87克', '8克', '7克', '33克', '75毫克', '780毫克'),
(27, '1045KJ', '632千卡', '16克', '4.5克', '74克', '8克', '5克', '50克', '105毫克', '507毫克'),
(28, '3054KJ', '730千卡', '23克', '3克', '96克', '13克', '8克', '40克', '215毫克', '860毫克'),
(29, '2795KJ', '668千卡', '25克', '6克', '62克', '12克', '5克', '51克', '111毫克', '648毫克'),
(30, '3054KJ', '730千卡', '18克', '2克', '97克', '26克', '4克', '40克', '200毫克', '1060毫克'),
(31, '3305KJ', '790千卡', '40克', '9克', '73克', '7克', '8克', '36克', '90毫克', '360毫克'),
(32, '3766KJ', '900千卡', '37克', '9克', '102克', '27克', '5克', '41克', '180毫克', '860毫克'),
(33, '2092KJ', '500千卡', '17克', '2.5克', '67克', '4克', '6克', '12克', '0毫克', '620毫克'),
(34, '3012KJ', '720千卡', '32克', '8克', '74克', '14克', '7克', '37克', '85毫克', '580毫克'),
(35, '2636KJ', '630千卡', '28克', '7克', '61克', '11克', '6克', '27克', '75毫克', '630毫克'),
(36, '3347KJ', '800千卡', '40克', '10克', '76克', '20克', '12克', '31克', '95毫克', '1060毫克'),
(37, '3473KJ', '830千卡', '46克', '12克', '71克', '8克', '5克', '36克', '90毫克', '1070毫克'),
(38, '3473KJ', '830千卡', '40克', '17克', '91克', '39克', '3克', '29克', '130毫克', '450毫克'),
(39, '3096KJ', '740千卡', '36克', '10克', '78克', '38克', '5克', '30克', '95毫克', '450毫克'),
(40, '2720KJ', '650千卡', '29克', '9克', '67克', '20克', '4克', '31克', '90毫克', '1000毫克'),
(41, '3180KJ', '760千卡', '23克', '10克', '113克', '20克', '12克', '19克', '35毫克', '1240毫克'),
(42, '3389KJ', '810千卡', '36克', '10克', '90克', '18克', '5克', '35克', '90毫克', '1020毫克'),
(43, '2134KJ', '510千卡', '13克', '1.5克', '64克', '12克', '11克', '17克', '0毫克', '1320毫克'),
(44, '3431KJ', '820千卡', '38克', '10克', '86克', '17克', '4克', '32克', '95毫克', '770毫克'),
(45, '3515KJ', '840千卡', '18克', '12克', '85克', '37克', '2克', '31克', '145毫克', '860毫克'),
(46, '2678KJ', '640千卡', '25克', '4.5克', '67克', '20克', '5克', '38克', '145毫克', '680毫克'),
(47, '3347KJ', '800千卡', '22克', '9克', '66克', '13克', '3克', '31克', '135毫克', '810毫克');

-- --------------------------------------------------------

--
-- 資料表結構 `orders`
--

CREATE TABLE `orders` (
  `sid` int(11) NOT NULL,
  `order_num` varchar(255) NOT NULL,
  `member_sid` int(11) NOT NULL,
  `name` varchar(255) NOT NULL,
  `tel` varchar(255) NOT NULL,
  `mobile` varchar(255) NOT NULL,
  `zipCode` varchar(255) NOT NULL,
  `county` varchar(255) NOT NULL,
  `district` varchar(255) NOT NULL,
  `address` varchar(255) NOT NULL,
  `ship` varchar(255) NOT NULL,
  `ship_date` date NOT NULL,
  `ship_time` time NOT NULL,
  `note` varchar(255) NOT NULL,
  `pay` varchar(255) NOT NULL,
  `amount` int(11) NOT NULL,
  `created_at` datetime NOT NULL DEFAULT CURRENT_TIMESTAMP,
  `invoice` varchar(255) DEFAULT NULL,
  `express` varchar(255) DEFAULT NULL,
  `code` varchar(255) DEFAULT NULL
) ENGINE=InnoDB DEFAULT CHARSET=utf8;

--
-- 資料表的匯出資料 `orders`
--

INSERT INTO `orders` (`sid`, `order_num`, `member_sid`, `name`, `tel`, `mobile`, `zipCode`, `county`, `district`, `address`, `ship`, `ship_date`, `ship_time`, `note`, `pay`, `amount`, `created_at`, `invoice`, `express`, `code`) VALUES
(19, '6520181204121726', 65, '李威霆', '024567890', '0928286829', '552', '南投縣', '集集鎮', '拉拉村', '宅配到府', '2018-12-11', '12:00:00', '123', '信用卡', 2250, '2018-12-04 12:17:26', NULL, NULL, NULL),
(20, '6520181204134626', 65, '李威霆', '', '0928286829', '715', '台南市', '楠西區', '神木村', '宅配到府', '2018-12-11', '14:00:00', '123', '信用卡', 2250, '2018-12-04 13:46:26', NULL, NULL, NULL),
(21, '6520181205133729', 65, '李威霆', '0224577777', '0928286829', '106', '台北市', '大安區', '信義路四段60-37號4樓', '宅配到府', '2018-12-12', '15:00:00', '123456y7u8i', '信用卡', 2250, '2018-12-05 13:37:29', NULL, NULL, NULL),
(22, '6520181205153840', 65, '李威霆', '', '0928286829', '106', '台北市', '大安區', '信義路四段60-37號4樓', '宅配到府', '2018-12-05', '17:00:00', '', '信用卡', 1810, '2018-12-05 15:38:40', NULL, NULL, NULL),
(23, '6520181205154532', 65, '李威霆', '', '0928286829', '106', '台北市', '大安區', '信義路四段60-37號4樓', '宅配到府', '2018-12-12', '17:00:00', '', '信用卡', 1810, '2018-12-05 15:45:32', NULL, NULL, NULL),
(24, '6520181205231250', 65, '李威霆', '', '0928286829', '106', '台北市', '大安區', '信義路四段60-37號4樓', '宅配到府', '2018-12-10', '19:00:00', '', '信用卡', 372, '2018-12-05 23:12:50', NULL, NULL, NULL),
(25, '06520181206051736', 65, '李威霆', '', '0928286829', '106', '台北市', '大安區', '信義路四段60-37號4樓', '宅配到府', '2018-12-12', '15:00:00', '', '貨到付款', 3174, '2018-12-06 05:17:36', NULL, NULL, NULL),
(26, '06520181206052737', 65, '李威霆', '', '0928286829', '106', '台北市', '大安區', '信義路四段60-37號4樓', '宅配到府', '2018-12-11', '15:00:00', '', '信用卡', 3174, '2018-12-06 05:27:37', NULL, NULL, NULL),
(27, '06520181206053031', 65, '李威霆', '', '0928286829', '106', '台北市', '大安區', '信義路四段60-37號4樓', '宅配到府', '2018-12-11', '14:00:00', '', '信用卡', 3174, '2018-12-06 05:30:31', NULL, NULL, NULL);

-- --------------------------------------------------------

--
-- 資料表結構 `orders_details`
--

CREATE TABLE `orders_details` (
  `sid` int(11) NOT NULL,
  `order_num` varchar(255) NOT NULL,
  `product_sid` int(11) NOT NULL,
  `product_name` varchar(255) NOT NULL,
  `price` int(11) NOT NULL,
  `qty` int(11) NOT NULL
) ENGINE=InnoDB DEFAULT CHARSET=utf8;

--
-- 資料表的匯出資料 `orders_details`
--

INSERT INTO `orders_details` (`sid`, `order_num`, `product_sid`, `product_name`, `price`, `qty`) VALUES
(37, '6520181205154532', 1101, '牛(切丁)', 250, 1),
(38, '6520181205154532', 1102, '牛', 300, 1),
(39, '6520181205154532', 1109, '美國安格斯PRIME嫩肩牛排', 700, 1),
(40, '6520181205154532', 1302, '台灣松阪豬肉', 560, 1),
(41, '6520181205231250', 1101, '牛(切丁)', 250, 1),
(42, '6520181205231250', 1106, '牛肉火鍋肉片', 61, 2),
(43, '06520181206051736', 1101, '牛(切丁)', 250, 7),
(44, '06520181206051736', 1102, '牛', 300, 4),
(45, '06520181206051736', 1103, '牛五花肉丁', 112, 2),
(46, '06520181206052737', 1101, '牛(切丁)', 250, 7),
(47, '06520181206052737', 1102, '牛', 300, 4),
(48, '06520181206052737', 1103, '牛五花肉丁', 112, 2),
(49, '06520181206053031', 1101, '牛(切丁)', 250, 7),
(50, '06520181206053031', 1102, '牛', 300, 4),
(51, '06520181206053031', 1103, '牛五花肉丁', 112, 2);

-- --------------------------------------------------------

--
-- 資料表結構 `sector`
--

CREATE TABLE `sector` (
  `id` int(11) NOT NULL,
  `category_id` varchar(255) CHARACTER SET utf8 NOT NULL,
  `sector` varchar(255) CHARACTER SET utf8 NOT NULL
) ENGINE=InnoDB DEFAULT CHARSET=utf8 COLLATE=utf8_croatian_ci;

--
-- 資料表的匯出資料 `sector`
--

INSERT INTO `sector` (`id`, `category_id`, `sector`) VALUES
(1, '1', '日韓料理'),
(2, '1', '中式料理'),
(3, '1', '台灣料理'),
(4, '1', '西式料理'),
(5, '1', '東南亞料理'),
(6, '2', '1人份'),
(7, '2', '2人份'),
(8, '2', '3人份'),
(9, '2', '4人份'),
(14, '5', '15分鐘以下'),
(15, '5', '30分鐘'),
(16, '5', '45分鐘'),
(17, '5', '60分鐘以上'),
(18, '4', '簡單'),
(19, '4', '中等'),
(20, '4', '困難'),
(24, '3', '早午餐'),
(25, '3', '素食'),
(26, '3', '宵夜'),
(27, '3', '野餐'),
(28, '3', '派對'),
(29, '3', '健康輕食'),
(30, '3', '節慶'),
(31, '3', '甜點');

-- --------------------------------------------------------

--
-- 資料表結構 `step`
--

CREATE TABLE `step` (
  `id` int(5) NOT NULL,
  `step_1` varchar(255) NOT NULL,
  `step_2` varchar(255) NOT NULL,
  `step_3` varchar(255) NOT NULL,
  `step_4` varchar(255) NOT NULL,
  `step_5` varchar(255) NOT NULL,
  `step_6` varchar(255) NOT NULL
) ENGINE=InnoDB DEFAULT CHARSET=utf8;

--
-- 資料表的匯出資料 `step`
--

INSERT INTO `step` (`id`, `step_1`, `step_2`, `step_3`, `step_4`, `step_5`, `step_6`) VALUES
(1, '清洗並乾燥所有產品。剝姜剁碎至2茶匙，蔥切小段分開綠色和白色。瀝乾鳳梨，在中型碗中保留果汁。青椒、紅甜椒切片。\r\n', '將雞胸肉用紙巾擦乾，然後切成塊。放入一個大碗中，加入一湯匙玉米澱粉。用鹽和胡椒調味。攪拌直到雞胸肉塊均勻塗覆。\r\n', '將兩湯匙牛油在中等高溫的小鍋中融化。加入一半生薑，煮至香，1至2分鐘。加入2.5杯水，米飯和少許鹽。煮沸，然後將熱量降低至低溫並覆蓋。煨至嫩，約15分鐘。保持蓋好的熱量直到用完為止。\r\n', '在中高火的大鍋中加熱。添加紅甜椒和青椒。翻炒直到嫩，5至6分鐘。用鹽和胡椒調味。扔鳳梨和蔥白。煮至辣椒和鳳梨開始變褐色，約2分鐘。從鍋中取出並放在一邊。\r\n', '同時，加入1茶匙糖，醋，醬油，濃縮湯，剩餘生薑和玉米澱粉，加入半杯水加入鳳梨汁。攪拌結合。清空鍋後，在中高溫下在同一鍋中加熱一層薄薄的油約兩湯匙。加入雞胸肉做飯，偶爾翻炒，直到幾乎煮熟，5至8分鐘。提示：如果需要，不要分批過度擁擠。\r\n', '將醬汁倒入鍋中煮，攪拌，直至濃稠狀，1至2分鐘。將鍋取出加熱，然後在辣椒和鳳梨中攪拌。在盤子之間分配米飯，然後在鍋中攪拌。用蔥段裝飾即可。\r\n'),
(2, '清洗並乾燥所有產品。修剪四季豆的莖，然後切成塊。剝姜，然後剁成碎末。剁蒜剁成碎末。然後蔥切成薄片，保持綠色和白色分開，然後蘑菇切成薄片。\r\n', '在中高火的大鍋中加熱，將雞肉切成細條，然後用鹽和胡椒調味。加入鍋中煮至褐色。（提示：分次進行以避免雞肉塊熟度不足）從鍋中取出並放在一邊。\r\n', '在中高熱量的同一鍋中加熱，加入胡蘿蔔，四季豆和蘑菇。翻炒，直到軟化，5至7分鐘。加入雞肉，姜，蔥白和大蒜。翻炒生薑和大蒜爆香2至3分鐘。加入少許的鹽和胡椒調味。\r\n', '在一個小碗裡，加入1湯匙醬油、1湯匙海鮮醬，2茶匙糖和1/4杯水。\r\n', '將鍋子的熱度降至中火熱度並攪拌均勻。用小火煮，2至3分鐘。將麵條加入鍋中煮翻炒，直至麵條吸收湯水減少至少許，3至4分鐘。用少許鹽和胡椒調味。\r\n', '盛盤至碗之間分開。用蔥段裝飾即可。\r\n'),
(3, '清洗並乾燥所有產品。將2杯水倒入小鍋中煮沸。小白菜修剪底部根部丟棄，將頭部縱向切成兩半，然後橫向切成條狀。蔥切成薄片，保持綠色和白色分開。姜去皮，然後剁碎。蒜剁成碎末。\r\n', '一旦水沸騰，將米飯加入鍋中。蓋上蓋子，降低熱量，減少火焰。煮至嫩，15至20分鐘。從熱源中移除並保持覆蓋，直到剩餘的飯菜準備好。\r\n', '將醬油，海鮮，蜂蜜，一半生薑和一半大蒜放入一個中型碗中。加入牛肉，然後再塗上一層。提示：如果你有額外的時間，讓牛肉在冰箱裡醃三小時。\r\n', '在中高火的大鍋中加熱。將牛肉加入鍋中，將多餘的醃料放入碗中。偶爾翻炒，直到變成褐色，幾乎煮熟，2至3分鐘。從鍋中取出並放在一邊。\r\n', '在中火加入蔥、剩餘的薑、剩餘的大蒜和少許油。翻炒到爆香，約1分鐘。加入白菜翻炒直到嫩，3至4分鐘。用少許鹽和胡椒調味。將牛肉與醃料一起從碗中取出。讓泡沫形成濃稠的醬汁，2至3分鐘。用鹽和胡椒調味。\r\n', '盛盤，盤子之間劃分米飯。撒上蔥花和芝麻籽即可。\r\n'),
(4, '清洗並乾燥所有產品。將四季豆切成段。生薑去皮和切成碎末。蒜剁成碎末。胡蘿蔔去皮並切成三分之一，然後將每一塊縱向切成兩半，切成薄半月形。蘑菇大致切碎。蔥切成薄片，保持綠色和白色分開。\r\n', '2湯匙醬油，2湯匙海鮮醬，香油，1茶匙蜜糖，和4分之1杯的水在一個小碗裡。\r\n', '油用一大鍋中火加熱，加入麵條翻炒，3至4分鐘。如果鍋看起來很乾，可以加一滴水或少許油。從鍋中取出並放在一邊。\r\n', '同一個平底鍋油超過中高熱度。加入蘑菇，胡蘿蔔和四季豆，煮至輕微​​變褐並軟化，5至7分鐘，偶爾翻炒。加入生薑，蔥白和大蒜，然後爆香，1分鐘。加入少許鹽和胡椒。\r\n', '將熱度減少到中等。加入醬汁和麵條至平底鍋。將所有物品均勻塗抹，然後將醬汁略微加入少許，1至2分鐘\r\n', '盛盤至碗。用蔥花裝飾。\r\n'),
(5, '清洗並乾燥所有產品。將烤箱預熱至450度。將2杯水倒入中鍋中煮沸。生薑去皮和切碎。蔥切碎。\r\n', '在一個中型碗中，將薑，蔥，牛肉，1茶匙糖混合在一起。加入少許鹽和胡椒。將混合物製成肉丸，然後放在輕微塗油的烤盤上。烘烤至中心不再粉紅色，總共約20分鐘。\r\n', '一旦水沸騰，將米飯加入鍋中。蓋上蓋子，煮沸，煮至嫩，15至20分鐘。\r\n', '一旦肉丸烤了15分鐘，從烤箱中取出。用勺子在每個肉丸上塗抹一點海鮮醬。回到烤箱烤，直到醬油失去一些光澤，約5分鐘。\r\n', '在中高溫下在大鍋中加熱1湯匙油。加入扁豆翻炒，直到嫩，4至5分鐘。加入少許鹽和胡椒。\r\n', '盛盤。撒上芝麻。分米板和扁豆、肉丸。\r\n'),
(6, '清洗並乾燥所有產品。將2杯水倒入小鍋中煮沸。小白菜修剪底部根部並丟棄。將頭部縱向切成兩半，然後橫向切成條狀。然後蔥切成薄片，保持綠色和白色分開。姜去皮，然後剁碎。剁碎大蒜。\r\n', '一旦水沸騰，將米飯加入鍋中。蓋上蓋子，降低熱量，減少火焰。煮至嫩，15至20分鐘。從熱源中移除並保持覆蓋，直到剩餘的飯菜準備好。\r\n', '將醬油，海鮮醬，蜂蜜，一半生薑和一半大蒜放在一個中型碗中。加入牛肉，然後再塗上一層。提示：如果你有額外的時間，讓牛肉在冰箱裡醃三小時。\r\n', '在中高火的大鍋中加熱。將牛肉加入鍋中，將多餘的醃料放入碗中。偶爾翻炒，直到變成褐色，幾乎煮熟，2至3分鐘。從鍋中取出並放在一邊。\r\n', '在中火加入蔥，剩餘的薑，剩餘的大蒜和少許油。翻炒直到爆香，約1分鐘。加入白菜翻炒直到嫩，3至4分鐘。用鹽和胡椒調味。將牛肉與醃料一起從碗中取出。形成濃稠的醬汁，2至3分鐘。用少許鹽和胡椒調味。\r\n', '盛盤之後劃分米飯和肉條。頂部放上菜。撒上蔥花和芝麻籽即可。\r\n'),
(7, '清洗並乾燥所有產品。蔥切成薄片，保持綠色和白色分開。蘿蔔切成薄片的。然後蘑菇切碎。\r\n', '熱油在一個大平底鍋中高熱量。加入蔥白，蘑菇和紫高麗菜。加入少許鹽和胡椒。翻炒直到軟化，3至4分鐘。\r\n', '加入豬肉和木須香料，煮至豬肉不再是粉紅色，約4分鐘。攪拌醬油。起鍋備用。\r\n', '在一個小碗裡，加入蛋黃醬，1湯匙海鮮醬和1茶匙水。攪拌至平滑，根據需要加入更多水以達到需要稠度。\r\n', '將4個玉米餅用濕紙巾和微波爐包裹在高溫下，直至溫暖，約30秒。提示：或者，將玉米餅包裹在鋁箔中，並在425度的溫度下在烤箱中加熱5分鐘。\r\n', '分城豬肉和蔬菜的玉米餅。頂部有蘿蔔，每個上面都是紫菜，撒上蔥花。\r\n'),
(8, '清洗並乾燥所有產品。將2杯水和少許鹽放入小鍋中煮沸。從扁豆中剔除任何壞掉的部分。生薑去皮和切碎。蒜剁成碎末。一旦水沸騰，將米飯加入鍋中，蓋上蓋子，然後慢慢煮沸。煮至嫩，15至20分鐘。保持覆蓋。\r\n', '嫩雞肉加入少許地鹽和胡椒。在中高火的大鍋中加熱大量的油。煮至略呈褐色，每邊2至3分鐘。從鍋中取出並放在一邊。\r\n', '在同一個鍋中，用中低火加熱大量的油。加入生薑和大蒜。翻炒至柔軟芳香，約1分鐘。倒入3湯匙白葡萄酒醋並蒸發至幾乎乾燥。\r\n', '攪拌醬油，2湯匙蜂蜜和4分之1杯的水。讓小火煮至混合物濃稠，2至3分鐘。\r\n', '加入雞肉和扁豆豌豆。煮至中間的雞肉不再是粉紅色，扁豆很嫩，約3分鐘。\r\n', '在盤子之間劃分米飯。頂部有雞肉和扁豆。盛盤即可。\r\n'),
(9, '清洗並乾燥所有產品。生薑去皮和切碎。蒜剁碎。然後蔥切成薄片，保持綠色和白色分開。\r\n', '在一個大碗裡，將白菜，胡蘿蔔，醋，1茶匙糖和一小撮鹽混合，攪拌至完全混合。留起來，直到剩下的飯菜準備好了。\r\n', '在一個中型碗中，將豬肉，生薑，大蒜，蔥油，1茶匙芝麻油和1茶匙醬油混合。加入少許鹽和胡椒。用水填充一個小碗，並保持在觸手可及的範圍內。\r\n', '將餛飩包裝放在乾燥，乾淨的表面上。將1茶匙餡料放入包裝物的中心。將手指浸入水中，然後用它們潤濕包裝紙的2個相鄰邊緣。對角折疊，使乾燥邊緣與濕邊相遇，形成三角形。用手指壓邊以密封。在潮濕的紙巾下放置並重複，直至使用所有餡料。\r\n', '在中高熱量的大鍋中加熱一層薄薄的油。添加盡可能多的餃子，不會擁擠。炸至酥脆，每邊約1分鐘。從鍋中取出並用剩餘物重複。將所有餃子歸還，平整排列。將熱量降低至低溫並倒入1/4杯水中。覆蓋並讓蒸汽直到包裝紙都是半透明的，4至6分鐘。揭開蓋，增加熱量至中等高度，並蒸發水，約2分鐘。\r\n', '餃子做飯時，將剩下的芝麻油，剩餘的醬油，1湯匙糖和蔥花放入一個小碗中，直到糖溶解。將醬汁淋在餃子上即可。\r\n'),
(10, '清洗並乾燥所有產品。將2杯水倒入小鍋中煮沸。從小白菜修剪底部根部並丟棄。將頭部縱向切成兩半，然後橫向切成條狀。修剪，然後蔥切成薄片，保持綠色和白色分開。姜去皮，然後剁碎。蒜剁碎。\r\n', '一旦水沸騰，將米飯加入鍋中。蓋上蓋子，降低熱量，減少火焰。煮至嫩，15至20分鐘。從熱源中移除並保持覆蓋，直到剩餘的飯菜準備好。\r\n', '將醬油，海鮮，蜂蜜，一半生薑和一半大蒜放入一個中型碗中。加入牛肉，然後拌均勻。提示：如果你有額外的時間，讓牛肉在冰箱裡醃三小時。\r\n', '在中高火的大鍋中加熱大量的油。將牛肉加入鍋中，在碗中保留多餘的醃料。偶爾翻炒，直到變成褐色，幾乎煮熟，2至3分鐘。從鍋中取出並放在一邊。\r\n', '在中火加入蔥油，剩餘的薑，剩餘的大蒜和少許油。翻炒直到爆香，約1分鐘。加入白菜翻炒直到嫩，3至4分鐘。用鹽和胡椒調味。將牛肉與醃料一起從碗中取出。形成濃稠的醬汁，2至3分鐘。加入少許鹽和胡椒調味。\r\n', '盛盤撒上蔥花和芝麻即可。\r\n'),
(11, '將1杯水倒入小鍋中煮沸。煮沸後，加入米飯。蓋上蓋子，減少煮沸，煮至嫩，15至20分鐘。從熱源中移除並保持覆蓋，直到剩餘的飯菜準備好。\r\n', '清洗並乾燥所有產品。將洋蔥切成兩半，去皮，切成薄片。甜椒去除白色芯，然後切成薄片。從小白菜修剪底部根部並丟棄。將頭部縱向切成四分之一，然後分成單獨的莖。蒜剁碎。生薑去皮，然後剁碎。\r\n', '在一個中型碗中，加入生薑，大蒜，醬油，2茶匙糖和少許油。加入牛肉，然後拌均勻。加入少許鹽和胡椒調味。\r\n', '在中高火的大鍋中加熱。加入牛肉，翻炒至褐色，煮至所需的熟度，3至4分鐘。從鍋中取出並放在一邊。\r\n', '在中高熱量的同一鍋中加熱。加入甜椒和洋蔥。翻炒，直到變色，約3至4分鐘。加入白菜，然後再攪拌，再攪拌2至3分鐘。（提示：如果蔬菜不會軟化，加入一滴水。）加入少許鹽和胡椒調味。\r\n', '把牛肉加入鍋內，然後再加熱。盛盤即可。\r\n'),
(12, '將1杯水和濃湯加入小鍋中煮沸。煮沸後，加入米飯。蓋上蓋子，降低熱量，減少溫度煨。煮至嫩，約15分鐘。保持蓋好的熱量直到用完為止。\r\n', '除四季豆外，清洗和乾燥所有產品。然後蔥切成薄片，保持綠色和白色分開。\r\n', '在一個小碗裡，一起攪拌酸奶油，加入½茶匙酸檸檬水和少許芥末醬。少許鹽和胡椒調味。提示：給予奶油味道，並根據需要調整更多的酸檸檬，酸橙汁或芥末醬。\r\n', '在中高火的大鍋中加熱大量的油。鮭魚用紙巾擦乾，並用鹽和胡椒調味。添加到皮膚面朝下。煮至皮脆，肉幾乎煮熟，5至7分鐘。翻轉並在另一側烹飪以達到預期的完成度，再多1至2分鐘。從鍋中取出並放在一邊。\r\n', '四季豆袋用叉子放在微波爐安全板上。微波爐加熱3至4分鐘（或豆子變軟）。小心地將豆子從袋子中取出，然後轉移到一個大碗裡加入芝麻並再次翻炒。用鹽和胡椒調味。\r\n', '加入1湯匙黃油和蔥白色攪拌。用鹽和胡椒調味。在盤子之間劃分米和四季豆。將鮭魚放在米飯上面，然後塗上芥末。撒上蔥花即可。\r\n'),
(13, '準備食材：將烤箱預熱至425度。將串燒在裝滿水的淺盤中。將蔥切成薄片，使白色和綠色部分分開。切半四季豆。將紅洋蔥切半，去皮，切成薄片。剁碎大蒜。將雞肉切成一口大小的塊，放在一個中型碗中。\r\n', '醃製雞肉：用大蒜，海鮮和一半醬油將雞肉搗碎。\r\n', '煮洋蔥：在中高火的大鍋中加熱。加入洋蔥，偶爾翻炒7至8分鐘，直到金黃色。\r\n', '準備並烘烤雞肉串：同時，從醃料中取出雞肉，然後將其放在烤串上。放在輕微塗油的烤盤上，在烤箱中烘烤約10至12分鐘，直至略微焦糖化並煮熟。\r\n', '煮麵條：雞肉烘烤時，在鍋裡加入大量的油。將麵條，四季豆，蔥白和1/4杯水加入鍋中煮，偶爾攪拌，直至水蒸發，四季豆變脆。再煮4至5分鐘，不攪拌，直到麵條在鍋底開始變脆。\r\n', '將雞肉烤雞肉放在麵條上，撒上蔥花即可。\r\n'),
(14, '用少許鹽將一大鍋水煮沸。同時，剝姜，然後與蒜一起切碎或剁碎。將蔥切成薄片，將白色和綠色部分分開。切段並丟棄韭菜的根部和頂部，然後切成薄片。在水下沖洗，輾壓，去除任何淤泥。\r\n', '在中等熱量的大鍋中加熱1湯匙橄欖油。加入香菇，翻炒5至6分鐘，直到柔軟和金黃色。放一旁擱置。\r\n', '同一個鍋中，用中火加熱1/2湯匙橄欖油。將韭蔥放入鍋中煮，翻炒4至5分鐘，直至軟化。將蘑菇粉，蔥油，薑和大蒜加入鍋中煮，攪拌30秒。用鹽和胡椒調味。\r\n', '將5杯水，醬油和濃縮液加入鍋中，煮10分鐘。如有必要，用鹽調味和調味。\r\n', '同時，將烏冬面加入沸水中煮9至10分鐘，直至變硬。\r\n', '用肉湯將烏冬面放在上面，然後沿著碗的兩側排列香菇和海藻。用蔥花裝飾即可。\r\n'),
(15, '清洗並乾燥所有產品。將1杯水和一小撮鹽放入小鍋中煮沸。胡蘿蔔去皮。使用蔬菜削皮器，將胡蘿蔔縱向刨成細條狀。然後蔥切成薄片，保持綠色和白色分開。剁碎大蒜。', '一旦水沸騰，將米飯加入鍋中。蓋上蓋子，降低熱量。煮至嫩，約15分鐘。保持蓋好的熱量直到用完為止。同時，在一個小碗中，加入1湯匙芝麻油，2湯匙醬油，2湯匙蜂蜜和芝麻油。', '在中高火的大鍋中加熱。加入胡蘿蔔翻炒直到嫩，4至5分鐘。用鹽和胡椒調味。從鍋中取出並放在一邊。', '用中高火加熱胡蘿蔔。加入大蒜和蔥白。煮至香，約30秒。加入牛肉，將肉分成碎片。煮至不再粉紅色，約4分鐘。將熱量增加至高溫並烹飪，僅攪拌一次或兩次，直至棕色和酥脆的斑點，約3分鐘。用鹽和胡椒調味。', '加入胡蘿蔔，加入牛肉，剩下的醬油和蜂蜜。翻炒結合。將鍋從熱源中取出並攪拌剩餘的芝麻油。如果需要，用鹽和胡椒調味（它可能已經鹹了）。', '將米飯分開並在碗之間炒。撒上芝麻和蔥花。（提示：你可以為孩子們跳過這個，特別是如果他們不是香料的粉絲。）'),
(16, '清洗並乾燥所有產品。在2個中等水池中加入2?杯水和少許鹽，然後煮沸。蒜剁碎。生薑去皮和切碎。從蘆筍上修剪並丟棄底部，然後切成碎片。然後蔥切成薄片，保持綠色和白色分開。', '一旦水沸騰，將米飯加入其中一個盆中。蓋上蓋子，降低熱量，減少火焰。煮至嫩，15至20分鐘。從熱量中取出並保持蓋好直到用完為止。同時，用冰水填滿一個大碗。', '蘆筍加入其他鍋中煮沸至沸騰2至3分鐘。同時，將醬油，海鮮醬和蜂蜜放在一個小碗裡攪拌均勻。當蘆筍完成後，瀝乾並立即放入冰水中。', '在中高火的大鍋中加熱大量的油。將豬肉縱向減半，然後切成細條。用鹽和胡椒調味。將玉米澱粉放入中型碗中，然後加入醬汁並翻炒塗抹。去掉多餘的玉米粉。將豬肉加入單層鍋中煮，偶爾翻炒，直到變成褐色，2至4分鐘。提示：分批煮豬肉以避免過度擁擠。', '從鍋中取出豬肉並放在一邊。用中火加熱同一鍋中。加入生薑，蔥白和大蒜，然後翻炒至香味，約30秒。加入醬汁，蘆筍和豬肉，一起煮至2至3分鐘。用鹽和胡椒調味。', '用盤子將盤子和頂部分開。撒上蔥花汁即可食用。'),
(17, '將?杯水，濃縮湯和醬油放入小鍋中煮沸。煮沸後，加入米飯。蓋上蓋子，降低溫度，減少火焰。煮至嫩，15至20分鐘。從熱源移除並保持覆蓋。', '清洗並乾燥所有產品。切斷並丟棄白菜的根端，然後分成單獨的莖。蔥切成薄片，保持綠色和白色分開。', '在一個小碗裡，加入蛋黃醬，一小撮檸檬汁，一小撮大蒜，一小撮生薑和芥末醬。加入2茶匙水（提示：根據需要加入更多的水，使敷料具有細長的稠度。）用鹽和胡椒調味。', '油用一大鍋用中火加熱。加入蔥白，剩餘的大蒜和剩餘的薑。翻炒直到稍微軟化，1至2分鐘。加入白菜和1湯匙水。翻炒直到葉子枯萎，2至3分鐘。從鍋中取出混合物並放在一邊，用鋁箔覆蓋以保暖。', '油超過中高熱量的同一個平底鍋。加入三文魚與少許鹽和胡椒。添加到皮膚面朝下。煮至皮膚酥脆，褐色，5至6分鐘。降低熱量到中等和翻轉三文魚。煮至完全不透明，再過3至4分鐘。', '在盤子之間劃分米飯。頂部有白菜和鮭魚。蔥綠色裝飾。'),
(18, '用一大撮鹽將一大鍋水煮沸。切掉玉米棒上的玉米粒。切成薄片的蔥和蘑菇。甜椒中去除芯，然後切成薄片。', '在爐子旁邊放一個裝有冰水的大碗。將蕎麥麵加入沸水中。煮3至4分鐘。然後瀝乾，保留1/4杯烹飪水，然後將麵條放入冰水中以停止烹飪。放在冰水中。', '在中等熱量的大型不粘鍋中加熱1湯匙橄欖油。加入甜椒和蘑菇，加入鹽和胡椒調味。翻炒約5分鐘，直到軟化。加入大蒜，蔥和玉米。約2分鐘，直到蘑菇非常柔軟，青椒脆嫩。', '將蕎麥麵瀝乾，加入酸奶油和預留的意大利面水。翻炒結合併冷卻一兩分鐘，直到醬汁變稠，蕎麥麵加熱。用一半的帕瑪森芝士翻炒。用鹽和胡椒調味和調味。', '盛盤，將蕎麥麵放在上面，撒上剩下的帕爾瑪奶酪。', ''),
(19, '清洗並乾燥所有產品。然後蔥切成薄片，分開綠色和白色。剁碎大蒜。從扁豆中修剪硬末端。瀝乾鳳梨，保留果汁。在中高溫下在小鍋中加熱。攪拌米飯，蔥花和半個芝麻。煮至香，約30秒。', '在鍋中加入1?杯水和一小撮鹽。蓋上蓋子，煮沸，然後降低熱量，減少溫和的煨。煮至嫩，約15分鐘。同時，在一個小碗裡，加入羅勒，一大撮鹽和1茶匙糖。', '豬肉用紙巾擦乾。用香料混合物調味。在中高火的大鍋中加熱大量的油。加入豬肉，煮至底部褐色，約5分鐘。翻轉豬肉，然後加入鳳梨。將豬肉煮至所需的熟度，再煮4至6分鐘。', '鍋中取出豬肉和鳳梨，然後轉移到盤子裡。（提示：用鋁箔鬆散地蓋住以保持溫度直到進餐準備好。）在同一個鍋中用中高火加熱。加入扁豆，胡蘿蔔和剩餘的羅勒。翻炒直到溫柔，約3分鐘。加入大蒜和1湯匙醬油（我們將在稍後使用）。再煮30秒，然後放在一邊，直到飯完成。', '在另一個小碗裡，一起攪拌芝麻油，剩下的醬油，1湯匙保留的鳳梨汁，蜂蜜和蔥花。從羅勒採摘葉子，大致切碎。用叉子絨毛米飯，然後攪拌一半切碎的羅勒。用鹽和胡椒調味。', '在碗之間劃分米飯。切片豬肉，然後在米飯上面放上菠蘿，扁豆和胡蘿蔔。用剩餘的芝麻和羅勒裝飾。將豬肉釋放的果汁攪拌成醬汁，然後淋上醬汁調味豬肉（邊上剩下的醬汁）。'),
(20, '清洗並乾燥所有產品。將?杯水和一小撮鹽放入小鍋中煮沸。胡蘿蔔去皮。使用蔬菜削皮器，將胡蘿蔔縱向剃成細條狀。剁碎大蒜。然後蔥切成薄片，保持綠色和白色分開。', '一旦水沸騰，將米飯加入鍋中。蓋上蓋子，降低熱量，減少溫度去煨。煮至嫩，約15分鐘。保持蓋好的熱量直到用完為止。同時，在一個小碗中，加入1?茶匙芝麻油，1湯匙醬油，1湯匙蜂蜜和芝麻油、醬油、蜂蜜。', '在中高火的大鍋中加熱。加入胡蘿蔔煮，翻炒直至嫩，2至3分鐘。用鹽和胡椒調味。從鍋中取出並放在一邊。', '用中高火加熱用於胡蘿蔔。加入大蒜和蔥白。煮至香，約30秒。加入牛肉，將肉分成碎片。煮至不再粉紅色，約4分鐘。將熱量增加至高溫並烹飪，僅攪拌一次或兩次，直至棕色和酥脆的斑點，約3分鐘。用鹽和胡椒調味。', '加入胡蘿蔔，加入牛肉，剩下的蜂蜜和醬油。翻炒結合。將鍋從熱源中取出並攪拌剩餘的芝麻油。如果需要，用鹽和胡椒調味（它可能已經鹹了）。', '將米飯分開並在碗之間炒。撒上芝麻和蔥花。'),
(21, '將米飯，?杯水和少許鹽放入小鍋中。蓋上蓋子，煮沸，然後降低溫度，減少溫度去煨。煮至嫩，約15分鐘。保持蓋好的熱量直到用完為止。', '同時，將麵包屑放在盤子上。將豬肉用紙巾擦乾，然後用鹽和胡椒調味。用酸奶油均勻刷。將豬肉一次一塊地倒入麵包屑，翻轉塗層並按壓粘附。', '在高溫下在大鍋中加熱一層薄薄的油（我們使用2湯匙如果有的話，使用不粘鍋）。將豬肉加入鍋中煮至麵包屑呈金黃色，酥脆，每邊約3分鐘。轉移到紙巾襯裡的盤子，並放在一邊。', '清洗並乾燥所有產品。將黃瓜切成薄片。然後片蔥切成薄，保持綠色和白色分開。將黃瓜，芝麻油，蔥白，半芝麻，1湯匙醋（我們將在晚些時候使用），1茶匙糖和一小撮鹽放在一個中型碗中。', '將海鮮醬，大蒜粉，番茄醬，2茶匙醬油和剩餘的醋混合在一起，攪拌至完全混合。', '將豬肉切成條狀。在盤子之間分配米飯和黃瓜，然後在米飯上面安排豬肉。淋上豬肉醬。撒上蔥花和剩下的芝麻。'),
(22, '清洗並乾燥所有產品。預熱烤架直接加熱（或在中高溫下加熱烤盤或大鍋）。取出2湯匙黃油，放置在室溫下。修剪和切成薄片的蔥，分離綠色和白色。小白菜切成四分之一。縱向減去白菜。在一個小碗裡，混合海鮮醬。', '在中高溫下在小鍋中加熱。加入蔥白，煮至嫩，1至2分鐘。攪拌米飯，?杯水，檸檬和大量的鹽和胡椒粉。煮沸，然後蓋上蓋子，降低熱量，減少溫度去煨煮。煮至嫩，約15分鐘（保持加熱直至進餐準備好）。', '鮭魚用紙巾擦乾。用少許油和少許的鹽和胡椒揉搓。在烤架或平底鍋上烹飪，皮膚朝上，直到出現輕燒烤痕或褐變，2至3分鐘。', '撕下並蘸上一塊鋁箔，放在烤架上，然後翻轉鮭魚，皮膚朝下，放在上面。（提示：油烤架格柵或添加少許油，以平移和翻轉鮭魚。）將海鮮醬刷到魚片的肉麵上，煮至所需的熟度，2至3分鐘。', '油扔到白菜裡。用大量的鹽和胡椒調味。在烤架上或平底鍋中烹飪，直到很好地微燒焦，偶爾轉動5至7分鐘。轉移到盤子裡，用一榨檸檬汁攪拌，蓋上鋁箔以保暖。同時，將黃油和剩餘的拉拉醬混合在另一個小碗裡。用鹽和胡椒調味。', '擠壓酸橙汁中攪拌。用鹽和胡椒調味。用蔥花裝飾。'),
(23, '清洗並乾燥所有產品。將洋蔥減半並去皮，然後切成丁。雞肉用紙巾擦乾，然後用鹽和胡椒調味。', '用中火加熱小鍋。加入芝麻和烤麵包，翻炒幾次，直至香氣和金黃色，3至5分鐘。', '在中高火的大鍋中加熱1湯匙橄欖油。加入雞肉煮，偶爾翻炒，直到表面變成褐色，2至3分鐘。', '將洋蔥加入鍋中煮，直至開始變褐，約3分鐘。撒上扁豆，煮至嫩，但仍有點脆，約2分鐘。', '將紅燒醬倒入鍋中，煮至沸騰。讓泡沫變厚，1至2分鐘。加熱米飯，然後放入中型碗中。加入1湯匙牛油和一半芝麻。用鹽和胡椒調味。', '在盤子之間分配米飯並在上面安排雞肉。撒上剩餘的芝麻即可食用。'),
(24, '清洗並乾燥所有產品。將烤箱預熱至425度。剝姜剁碎，蔥切成薄片，保持綠色和白色分開。', '在中等熱量的中鍋中加熱。加入切碎的生薑和蔥白。翻炒直到爆香，1至2分鐘。加入米飯並折騰塗抹。加入1杯水和少許鹽。煮沸，然後蓋上蓋子，減少溫度去燉煮。煮至嫩，約15分鐘。保持覆蓋，直到剩飯準備好。', '在烤盤上扔四季豆與油和少量的鹽和胡椒。烤箱烤至嫩脆，10至12分鐘。扔在一個中等的碗裡，加上芝麻油和你喜歡的芝麻。', '雞肉用紙巾擦乾。用鹽和胡椒調味，然後用酸奶油刷。將麵包屑放入淺盤中，加入鹽和胡椒調味。將雞肉壓入麵包屑，塗上全部並按壓粘附。', '在中高火的大鍋中加熱大量的油。加入雞肉，煮至中心不再粉紅色，麵包屑為金黃色，每邊3至4分鐘。同時，將番茄醬，1茶匙芥末，2茶匙醬油，1茶匙糖和1茶匙水混合在一個小碗裡。', '在盤子之間劃分米和青豆。切雞肉，安排在米飯上面。撒上蔥花汁即可食用。提示：在側面加入任何額外的醬汁。'),
(25, '清洗並乾燥所有產品。剁碎大蒜。從小白菜修剪並丟棄底根，然後將莖切成薄片並橫向切開。將薄皮切成兩半，切成薄片。從莖上採摘羅勒葉，大致切成一半。', '在中高火的大鍋中加熱。加入蔥和煮，翻炒直到軟化，約3分鐘。加入豬肉，將其分成碎片，然後將其分層。在沒有攪拌的情況下煮至底部變成褐色，約4分鐘。全部翻炒。煮至香，豬肉煮熟，再煮1分鐘。', '同時，在一個小碗中攪拌1湯匙水和1?茶匙糖。在微波爐中加熱至糖溶解，約30秒。翻少剩餘的大蒜，1?茶匙魚露。然後擱置。', '加入白菜和1湯匙醬油，加入豬肉。翻炒直到白菜很嫩，約3分鐘。同時，用手按摩來分解米飯。根據包裝說明在微波爐中烹飪。', '將切碎的羅勒拌成一鍋。加些醬油調味。', '將盤子和頂部之間的米飯分開炒。撒下剩餘的羅勒。淋上醬汁即可。'),
(26, '將米粉放入一個大碗中，蓋上非常熱的自來水。讓浸泡直到軟化，15至20分鐘。（提示：偶爾拋麵條以防止粘連。）瀝乾並放在一邊。', '清洗並乾燥所有產品。蔥切成薄片，保持綠色和白色分開。將迷你甜椒切成圓形，丟棄莖和種子。', '在高溫下在大鍋中加熱。加入豬肉和鹽，胡椒和泰國調味料（盡可能多地使用 - 它很辣）。用抹刀或木勺將豬肉切成碎片。翻炒直到變成褐色，煮熟，4至6分鐘。從鍋中取出並放在一邊。', '在同一個鍋裡加熱油。加入蔥白，迷你青椒和捲心菜。用鹽和胡椒調味。煮至軟化，稍微變褐，3至5分鐘。', '加入半杯水，醬油和濃縮湯。煮沸。把豬肉和米粉一起放回鍋裡。翻炒結合。用鹽和胡椒調味。', '在盤子之間劃分麵條。淋上芝麻油。撒上蔥花和花生。'),
(27, '清洗並乾燥所有產品。將烤肉預熱至高溫或烤箱至500度。將串放在一個大碗裡，蓋上水浸泡。在一個小鍋裡，加入2?杯水和少許鹽煮沸。蒜剁碎。', '將米飯加入沸水中，蓋上蓋子，減少至文火煮至15至20分鐘。', '將雞肉放入一個大碗裡，加1/3杯椰奶，半個酸橙汁，1湯匙醬油，一半大蒜和1茶匙糖。用鹽和胡椒調味。將雞肉串在烤串上，放在輕微塗油的烤盤上。烤至褐色並煮熟，約15分鐘。', '在一個中型碗中，將花生醬，芝麻油，1茶匙醬油，2湯匙椰奶，1/4杯水，1茶匙糖和剩餘的大蒜一起攪拌。如果需要，可以加一小撮鹽來調味', '串雞肉，在烤盤上撒上扁豆，用油淋上。用鹽和胡椒調味。回到烤箱烘烤，直到扁豆嬌嫩，輕微酥脆，3至5分鐘。', '用扁豆在米飯床上鋪上沙爹串。塗上花生醬。'),
(28, '清洗並乾燥所有產品。把一大鍋水煮沸。大蒜切成薄片。然後蘑菇切片。大致剁花生。剝姜，然後剁碎。從羅勒採摘葉子並撕成小塊。切成薄片的泰國辣椒。', '在中高火的大鍋中加熱。將大蒜加入鍋中煮至香，約30秒。加入花椰菜，然後給它一個翻炒。倒入半杯水，直到花椰菜嫩，4至5分鐘。用鹽和胡椒調味。從鍋中取出並放在一邊。', '在中高熱量的同一鍋中加熱。加入蘑菇，翻炒直到軟化，色澤變暗一些，4至5分鐘。用鹽和胡椒調味，然後放入花椰菜。', '一旦水沸騰，將米粉加入鍋中。從熱源中取出，浸泡直至變硬，6至7分鐘。（提示：偶爾攪拌麵條以防止結塊。）在冷水下瀝乾並沖洗。同時，將醬油，?湯匙芝麻油和1湯匙糖拌在一起。', '在同一個鍋裡，加熱油。加入蔥和泰國辣椒。煮至軟化，2至3分鐘。扔入生薑和蝦，煮至蝦開始變得不透明，約2分鐘。用鹽和胡椒調味。將米粉和醬油混入鍋中。', '加入花椰菜，蘑菇和羅勒葉來平底鍋。不斷翻炒，直到蝦煮熟，大約2分鐘。盛盤並撒上花生。'),
(29, '清洗並乾燥所有產品。將烤箱預熱至400度。剁碎大蒜。蔥切成薄片，保持綠色和白色分開。將1杯鹽水放入小鍋中煮沸。煮沸後，加入米飯。蓋上蓋子，小火燉至約15分鐘。保持覆蓋。', '在烤盤上扔花椰菜，少許的橄欖油和少許鹽和胡椒。烤至金黃色，略帶酥脆，15至20分鐘。', '將牛肉，1湯匙醬油，2茶匙糖，一半大蒜，和一大碗橄欖油放在一個中型碗中。用鹽和胡椒調味。', '在中等鍋中用低溫加少許的橄欖油。加入蔥白和剩餘的大蒜，翻炒至爆香，1至2分鐘。將花生醬，1茶匙醬油和2茶匙糖攪拌均勻。慢慢攪拌?杯水直至加入。將鍋從熱源中取出。用鹽和胡椒調味。', '將烤肉預熱至高溫（或烤箱至500度）。在水下沖洗串，然後將牛排放在它們上面。放在烤盤上燒烤，翻過一半，直到稍微燒焦，煮至所需的熟度，5至10分鐘。', '在花椰菜旁邊的米飯上撒上沙爹。用蔥花裝飾，配上花生醬即可。'),
(30, '將1?杯水，大量鹽和大米放入小鍋中煮沸。一旦煮沸，蓋上蓋子，將熱量降低至低溫，輕輕煨至嫩，約15分鐘。保持蓋好的溫度直到用完為止。', '清洗並乾燥所有產品。從小白菜修剪並丟棄底根，然後將莖切成薄片並橫向離開。切辣椒，去除肋骨和種子，以減少熱量。然後蔥切成薄片，保持綠色和白色分開。沖洗蝦並用紙巾擦乾。', '將蝦放入中等碗中，加入所有玉米粉和鹽和胡椒調味。翻炒至均勻。在中高溫下在大鍋中加熱1湯匙油。加入蔥白煮，翻炒直到軟化，約1分鐘。加入蝦，翻炒直到粉紅色但未完全煮熟，2至3分鐘。用鹽和胡椒調味。', '加入白菜翻炒直到葉子枯萎，莖稈嫩，約3分鐘。', '加入辣椒醬攪拌均勻，直到它變稠，均勻塗抹蝦和白菜，約1分鐘。', '在盤子之間分配米飯，然後在蝦和白菜混合物上面。撒上蔥花，磨碎的花生和辣椒。'),
(31, '清洗並乾燥所有產品。將機架調整到中間位置並將烤箱預熱到400度。將1?杯鹽水放入小鍋中煮沸。將青蔥切成小塊，去皮，切碎。剁碎大蒜。從莖中挑出一半的羅勒葉並大致切碎（保留其餘部分用於裝飾）。剁碎辣椒，首先去除芯和種子，以減少溫度。', '用槌子或重的鍋將袋中的花生粉碎。煮沸後，將米飯加入鍋中。蓋上蓋子，降低溫度，減少溫度去煨。煮至嫩，13至15分鐘。', '在烤盤上扔四季豆與少許的油和少量的鹽和胡椒。烤箱烤至輕微酥脆，約12分鐘。', '用中火加熱大鍋中。加入蔥，蒜和辣椒。翻炒直到軟化，約3分鐘。加入豬肉，加熱至高，將肉分成小塊。煮至褐色，4至5分鐘。用鹽和胡椒調味。', '從鍋中取出。加入芝麻油，1湯匙醬油，切碎的羅勒和1/2茶匙糖。用鹽和胡椒調味。', '在盤子之間分配米飯，然後在上面安排。撒上花生。從莖上撕下留下的羅勒葉，然後撒在上面。'),
(32, '清洗並乾燥所有產品。將機架調整到中間位置並將烤箱預熱到450度。將1?杯水和一小撮鹽放入小鍋中煮沸。剁碎大蒜。從檸檬草中剝去外層，直到嫩芯。精細切碎核心。從扁豆中修剪任何堅韌的末端。', '在中高火的大鍋中加熱。將雞肉加入皮膚面朝下。煮至皮膚變脆變脆，約4分鐘。翻轉並在另一邊煮，直到變成褐色，3至4分鐘。轉移到箔襯裡的烤盤。烤箱烤至中心不再粉紅色，15至20分鐘。', '一旦水沸騰，將米飯加入鍋中。蓋上蓋子，降低熱量，減少溫度去煨。煮至嫩，約15分鐘。從鍋子中取出並靜置直到剩餘的飯菜準備好。', '小心地從用於雞肉的鍋中倒出雞油。將鍋放在低溫下加入大蒜和檸檬草。煮至香，約30秒。翻炒醬油，蜂蜜，1小匙魚露，1湯匙糖。讓小火煮至濃稠，2至3分鐘。將食物轉移到一個小碗中並沖洗出鍋。', '在中高熱量的同一鍋中加熱。加入扁豆煮，偶爾翻炒，直至嫩，約3分鐘。加入少許鹽，胡椒。將雞肉煮熟後，回到烤箱，烤到失去一些光澤，約2分鐘。', '從烤箱中取出雞肉，在盤子之間劃分米，扁豆和雞。撕開香菜從莖上離開並散落在頂部。'),
(33, '把一大鍋鹹水煮沸。加入米飯煮至嫩，約30分鐘。瀝乾並放在一邊，直到用完為止。提示：無需測量水分 - 你在這裡煮意大利面。', '清洗並乾燥所有產品。從白菜脆莖上分開嫩葉。將莖切成薄片。剝姜，然後細碎。蒜剁碎。蘿蔔切成薄片。然後蘑菇切成薄片。', '將蘿蔔放入一個裝有醋和少許鹽的小碗裡。留出來醃製。', '在中高火的大鍋中加熱。加入大蒜和生薑。翻炒直到爆香，1至2分鐘。加入蘑菇，翻炒直到軟化，一些深色的顏色，約5分鐘', '加入白菜莖，煮至嫩，但仍然脆，約3分鐘。加入白菜葉，醬油和芝麻油。翻炒蔬菜。煮至白菜葉枯萎，芝麻油香，1至2分鐘', '在碗之間劃分米飯。頂部有蘑菇和白菜混合。用蘿蔔和腰果裝飾。'),
(34, '清洗並乾燥所有產品。把一大鍋鹹水煮沸。將黃瓜切成薄片。剁碎大蒜。然後蔥切成薄片。檸檬對切。', '牛肉用紙巾擦乾。在一個中型碗中，加入牛肉，泰式調味料，一半大蒜，1湯匙糖和1湯匙醬油。用少許鹽和胡椒調味。', '在中高火的大鍋中加熱大量的油。加入牛肉煮，偶爾翻炒，直到變成褐色，4至5分鐘。從鍋中取出並放在一邊。', '一旦水沸騰，將麵條加入鍋中。直到麵條變硬，3至4分鐘。', '將用於牛肉的鍋洗淨，然後用中火回爐。加入大量的油，剩下的大蒜和大蔥。翻炒直到爆香，約1分鐘。將熱量降低至低溫並攪拌成花生醬。合併後，慢慢攪拌?杯水，然後攪拌剩餘的醬油，4茶匙糖。如果需要，可以品嚐並加入更多的酸橙汁。', '將牛肉，胡蘿蔔和黃瓜放在麵條上淋上花生醬牛肉。撕香菜從莖上離開並散落在頂部。'),
(35, '清洗並乾燥所有產品。將1?杯水和少許鹽放入小鍋中煮沸。將四季豆切半。姜剝碎。大蔥切碎。大蒜剁碎。辣椒去芯切成薄片。薄荷切末。', '一旦水沸騰，將米飯加入鍋中。蓋上蓋子，降低熱量，減少火焰。煮至嫩，15至20分鐘。從熱源移除並保持覆蓋。', '在高溫下在大鍋中加熱4茶匙油。加入四季豆，甜椒和蔥。翻少至軟化並開始變褐色，4至5分鐘。用鹽和胡椒調味。從鍋中取出並放在一邊。', '鍋底至中等熱量較低，加入4茶匙油。加入大蒜和生薑，然後攪拌至香，1至2分鐘。', '將熱量增加到中高，並添加豬肉。用抹刀或木勺將肉分成碎片。煮至褐色，邊緣酥脆，5至6分鐘。加入蔬菜，醬油和蜂蜜。用鹽和胡椒調味。', '將鍋從熱源中取出並攪拌成薄荷的一半。將盤子和頂部之間的米飯分開放。如果需要，可以用剩餘的薄荷裝飾。'),
(36, '清洗並乾燥所有產品。將烤箱預熱至400度。從檸檬草中修剪底部的枝條，然後剝去外層，直到嫩芯。精細切碎。將青蔥切成小塊，去皮，切碎。從莖上摘下薄荷葉並精細切碎。', '胡蘿蔔切成長條。胡蘿蔔放在烤盤上，加入少許鹽和胡椒。烤至輕微變成褐色和嫩，15至20分鐘，中途翻面。', '同時，在一個小碗裡，加入蛋黃醬，一小撮檸檬汁。擱置。', '在一個中型碗中，將豬肉，檸檬草，酸橙，小蔥，醬油，半個薄荷，泰式調味料結合起來。用鹽和胡椒調味。用手將醃豬肉製成兩個均勻大小的肉餅。', '用中火加熱大鍋中。將漢堡加入鍋中煮，煮至褐色，煮熟，每面4至5分鐘。同時，將麵包分成兩半放在另一張烤盤上。烤箱烤至金黃色，3至5分鐘。一旦胡蘿蔔完成，撒上剩餘的薄荷和檸檬汁。', '在包子上撒上番茄醬，與胡蘿蔔條一起食用。'),
(37, '清洗並乾燥所有產品。帶一大鍋水煮沸。大蒜剁碎。辣椒切碎，去除芯和種子。然後蔥切成薄片，保持綠色和白色分開。將任何大的花椰菜切成小塊，一口的大小。', '將豬肉，蔥花，泰式調味料，一半大蒜和?茶匙鹽和胡椒混合在一個中型碗中。形成一半拳頭大的肉丸。', '在中高火的大鍋中加熱。加入肉丸，偶爾翻炒，直至變成褐色，2至4分鐘。將1/4杯水倒入鍋中，蓋上蓋子，讓肉丸蒸熟，直到幾乎煮熟，2至3分鐘。揭開，溫度減到低，讓水蒸發。', '從平底鍋中取出肉丸，放在盤子上。在中高熱量的同一鍋中加熱。加入花椰菜，翻炒直到嫩滑，3至4分鐘。（提示：如果你在烹飪花椰菜時遇到困難，可以加入1湯匙水來蒸煮。）用鹽和胡椒調味。從鍋中取出並放在一邊。', '將一半的麵條從包裝中加入開水。放入水中煮，攪拌，直至變硬，2至3分鐘。瀝乾，然後在冷水下冷卻。加入剩餘的大蒜，辣椒，中高火煮花椰菜。煮至香，30秒。加入麵條並拌至鬆開。在一個小碗裡攪拌3湯匙醬油，?湯匙蜂蜜，芝麻油和?杯水。', '鍋底下的熱量較低，麵條中火。加入肉丸，花椰菜和醬油混合。翻炒直到混合，醬汁緊貼麵條，1至2分鐘。盛盤即可。'),
(38, '清洗並乾燥所有產品。將米飯和?杯水放入小鍋中。蓋上蓋子煮沸，然後將熱量降低到最低溫度。煨至嫩，水被吸收，約15分鐘。保持蓋好的熱量直到用完為止。同時，蔥切成薄片，分離綠色和白色。', '將一半醋，半茶匙糖和幾撮鹽放入中型碗中。使用削皮器，將黃瓜縱向剃成帶狀，旋轉直到丟棄芯。用醋混合向碗中加入色帶並翻面塗抹。然後擱置。', '在中高火的大鍋中加熱。加入胡蘿蔔翻炒直到嫩，但仍然有點脆，約1分鐘。用鹽和胡椒調味。轉移到盤子並放在一邊。', '在中高熱量的同一鍋中加熱。加入蔥白，煮至香，約30秒。加入牛肉和少許鹽和胡椒，將肉分成碎片。煮至褐色，5至7分鐘。攪拌一半的芝麻。倒入剩餘的醋。煮30秒，然後加入烤肉醬攪拌均勻。從鍋中取出熱量。用鹽和胡椒調味。', '在牛肉做飯的同時，在一個小碗裡攪拌酸奶油。每次在水中攪拌1茶匙，直到混合具有稠度。用鹽調味。', '將牛肉，胡蘿蔔和黃瓜放在上面，彼此相鄰。（提示：在添加之前，從黃瓜中排出多餘的液體。）在所有東西上塗上酸奶油。用蔥段和剩餘的芝麻裝飾。'),
(39, '清洗並乾燥所有產品。將南瓜切對半，然後橫向切成薄半月形。然後蔥切成薄片，分開綠色和白色。剝姜，然後剁碎。將檸檬切成半月形。', '將薑，蔥白，豬肉，麵包屑和2湯匙烤肉醬（其餘保留到步驟5）放入一個中型碗中。用鹽和胡椒調味（我們用1茶匙鹽）。塑造成半個拳頭大小的球。', '在中高火的大鍋中加熱。加入南瓜和鹽和胡椒調味。翻炒直到軟化，3至4分鐘。從鍋中取出並放在碗裡。', '在同一個鍋中加熱，然後加入胡蘿蔔，加入鹽和胡椒調味。煮至嫩，3至4分鐘。加入南瓜的碗，然後用一半的芝麻油加入兩個蔬菜。擱置。在中高熱量的同一鍋中加熱大量的油。加入肉丸，翻煮直到變成褐色，約4至6分鐘。', '加入剩餘的烤肉醬，加入肉丸。煮沸，然後減少溫度到中低，蓋鍋。（提示：如果您的鍋沒有蓋子，請用鋁箔蓋住。）蒸煮，直到肉丸煮熟，約5分鐘。', '將米飯放入一個大碗中，然後用剩下的芝麻油和1個檸檬榨汁。在盤子和頂部之間劃分蔬菜和肉丸。淋上剩餘的醬汁。用芝麻和蔥花裝飾。'),
(40, '清洗並乾燥所有產品。將1杯水和一小撮鹽放入小鍋中煮沸。去皮胡蘿蔔。使用蔬菜削皮器，將胡蘿蔔縱向刨成細條狀。剁碎大蒜。然後蔥切成薄片，保持綠色和白色分開。', '一旦水沸騰，將米飯加入鍋中。蓋上蓋子，降低熱量，減少溫度去煨。煮至嫩，約15分鐘。保持蓋好的溫度直到用完為止。將1湯匙芝麻油，2湯匙醬油和2湯匙蜂蜜放入一個小碗中（我們將使用剩餘的芝麻油，醬油和蜂蜜）。', '在中高火的大鍋中加熱。加入胡蘿蔔翻炒直到嫩，淡褐色，4至5分鐘。用鹽和胡椒調味。從鍋中取出並放在一邊。', '用中高火加熱用於胡蘿蔔。加入大蒜和蔥白。煮至香，約30秒。加入牛肉，將肉分成碎片。煮至不再粉紅色，約4分鐘。將熱量增加至高溫並烹飪，僅攪拌一次或兩次，直至棕色和酥脆的斑點，約3分鐘。用鹽和胡椒調味。', '加入胡蘿蔔，加入牛肉，剩下的醬油和蜂蜜。翻炒結合。將鍋從中取出並攪拌剩餘的芝麻油。如果需要，用鹽和胡椒調味（它可能已經鹹了）。', '將米飯分開並在碗之間炒。撒上芝麻和蔥花。（提示：你可能想為孩子們跳過這個，特別是如果他們不是香料的粉絲）。'),
(41, '清洗並乾燥所有產品。片蔥切成薄，保持綠色和白色分開。瀝乾並沖洗一半的豆子（根據需要使用其餘的豆子）。', '將1湯匙牛油在中等高溫的小鍋中融化。加入蔥白和米飯。攪拌至香，約30秒。加入?杯水，1湯匙醋，以及一大撮鹽到鍋中。蓋起來並煮沸。將熱量降低至低溫，然後慢慢煮至約15分鐘。保持被隔熱。', '將黃瓜縱向切半，然後切成薄半月形。在一個中等碗中放入1湯匙泡菜辣醬，剩下的醋，一大撮鹽和1茶匙糖，直到混和。擱置。在一個小碗裡，攪拌酸奶油和1湯匙泡菜辣醬。用鹽調味。', '在中高溫下在大鍋中加熱1湯匙植物油。加入胡蘿蔔煮，翻炒直到嫩，2至3分鐘。加入一點檸檬汁。用鹽和胡椒調味。從鍋中取出並放在一邊。鍋底至中等溫度較低。加入剩餘的泡菜辣醬。攪拌直到溫熱，約3分鐘。', '同時，將一半黃瓜，一半胡蘿蔔，蔥花和另一個中等碗中的檸檬汁擠在一起。用鹽和胡椒調味。在鍋中加入剩餘的檸檬。用鹽和胡椒調味。用濕紙巾包裹玉米餅。微波爐高溫直至30至45秒。', '將玉米粉圓餅中的一半分開（將剩餘的米飯放在一邊或另外使用）。頂部有豆子和剩下的黃瓜和胡蘿蔔。滾入墨西哥捲餅，然後切成兩半。配上奶油，蔬菜和檸檬即可。'),
(42, '清洗並乾燥所有產品。將1?杯水倒入小鍋中煮沸。南瓜縱向切半，?切成薄半月形。蘑菇和蔥切成薄片，保持青蔥和白色分開。胡蘿蔔去皮;，使用削皮器，縱向刨成絲。生薑去皮和切碎。剁碎大蒜。', '一旦水沸騰，加入米飯和少許鹽到鍋裡。蓋上蓋子，降低熱量，減少溫度去煨。煮至嫩，15至20分鐘。', '在一個小碗裡，用醋和一小撮鹽將青蔥放入白菜中。留出來醃製。在另一個小碗裡，攪拌芝麻油，1?湯匙糖和1?湯匙醬油。', '在中高火的大鍋中加熱。加胡蘿蔔， 用鹽和胡椒調味。翻炒直到嫩，但仍然脆，3至4分鐘。從鍋中取出並放在一邊。加入少許油來平底鍋，並加入南瓜翻炒，煮熟後從鍋中取出。加入蘑菇到平底鍋，煮至嫩，3至5分鐘。用鹽和胡椒調味。從鍋中取出並放在一邊。', '在中高熱量的同一鍋中加熱。加入大蒜和生薑，煮至香，約30秒。加入牛肉，將肉分成碎片。偶爾翻炒，直到不再粉紅，約4分鐘。將溫度增加至高溫並繼續烹飪，直至變成褐色且酥脆，約3分鐘。倒入剩餘的醬油，翻炒直到大部分蒸發，1至2分鐘。用鹽和胡椒調味。', '在碗之間劃分米飯。在上面安排牛肉，南瓜，胡蘿蔔，蘑菇和蔥白。淋上醬汁。撒上蔥花汁即可食用。'),
(43, '用一大撮鹽將一大鍋水煮沸。煮沸後，加入米飯煮至嫩，25至30分鐘。排水並返回鍋中。保持覆蓋，直到剩飯準備好。', '清洗並乾燥所有產品。煮飯時，剝胡蘿蔔。使用蔬菜削皮器，將其刨成條狀，沿著長度方向運行刀片。南瓜也是。然後大蔥切成條狀。將花椰菜切成一口大小的量。蘑菇切成薄片。蒜剁碎。生薑去皮和切碎。', '在一個小碗裡，用白葡萄酒醋和少許鹽調成蔥。留出讓大蔥快速泡菜。在另一個小碗裡，攪拌醬油，大蒜，生薑和1茶匙糖，直到糖溶解。', '用中火加熱大鍋中。加入胡蘿蔔。用鹽和胡椒調味。煮至嫩，但仍然脆，4至5分鐘，經常翻炒。從鍋中取出並放在一邊。加入另一茶匙油平底鍋，加入南瓜翻炒，煮熟後從鍋中取出。加入花椰菜，蘑菇和少許油，將其攪拌均勻，然後攪拌6至8分鐘。用鹽和胡椒調味。從鍋中取出並放在一邊。', '將醬油混合物倒入同一個鍋中。煮沸，煮至微微濃稠，1至2分鐘。', '在盤子之間劃分米飯。在上面安排胡蘿蔔，南瓜，花椰菜和蘑菇。（提示：如果加入雞蛋，將其放在蔬菜上面。）用蔥和芝麻種子裝飾。加入辣醬調味。'),
(44, '將米飯，1又 1/4杯水和一小撮鹽煮沸，放入帶蓋的小罐中煮沸。煮沸後，蓋上蓋子，減少溫度，使其溫和沸騰。煮至嫩，15至20分鐘。保持覆蓋直到準備服務。', '同時，洗乾任何產品。蔥切成薄片，保持綠色和白色分開。胡蘿蔔去皮。使用相同的蔬菜削皮器，將胡蘿蔔縱向刨成絲。將南瓜縱向切半，然後橫向切成半月形。生薑去皮和切碎。剁碎大蒜。', '在一個小碗裡，加入蔥白，醋和少許鹽。留出醃製，偶爾攪拌。在一個單獨的小碗中，將芝麻油，一半的番茄醬，1湯匙醬油，1又1/2茶匙糖和1湯匙水混合，直到糖溶解。', '在中高火的大鍋中加熱。加胡蘿蔔絲，用鹽和胡椒調味。翻炒直到稍微軟化，3至4分鐘。從鍋中取出並放在一邊。加入另一小塊油進平底鍋。加南瓜，用鹽和胡椒調味。煮至變軟嫩，每邊2至3分鐘。從鍋中取出並放入胡蘿蔔。', '在中高熱量的同一鍋中加熱。加入豬肉，生薑和大蒜。把肉分成碎片，直到變成褐色，4至5分鐘。加入剩餘的醬油，翻炒直到液體大部分蒸發，1至2分鐘。用鹽和胡椒調味。', '在碗之間劃分米飯。頂部有豬肉，蔬菜和醃蔥。淋上醬汁，撒上蔥花。'),
(45, '清洗並乾燥所有產品。蔥切成薄片，分離綠色和白色。將黃瓜縱向切半，然後切成薄片，用1茶匙糖和2湯匙 + 2茶匙醋在一個小碗中攪拌。用鹽和胡椒調味並放在一邊雞用紙巾擦乾，切成丁。', '在中高火的大鍋中加。加入蔥白菜和白菜。用鹽和胡椒調味。翻炒直到軟化，3至4分鐘。將鍋從熱源中取出並在剩餘的醋中攪拌。將鍋的內容物轉移到中型碗中。', '在中高熱量的同一鍋中加熱大量的油。加入雞肉做飯，偶爾翻炒，直到變成褐色，煮熟，4至6分鐘。', '將鍋中的熱量降到中火，然後倒入烤肉醬。煮一會兒，直到醬汁略微減少，約2分鐘。攪拌白菜混合物，然後從鍋中取出加熱。', '在另一個小碗裡，一起攪拌酸奶油，2茶匙水）。（提示：根據需要添加更多的水以達到適當的稠度。）將玉米餅裹在潮濕的紙巾和微波爐中，高溫直至溫暖，約30秒。', '將雞肉和捲心菜混合物分配在玉米餅之間，然後在黃瓜上面。在每個炸玉米餅上淋上奶油，撒上蔥花。提示：對於不喜歡辣味的人來說，量加少一點。'),
(46, '將?杯水和少許鹽放入小鍋中煮沸。加入米飯和蓋子。降低熱量，減少到溫和的溫火，煮至嫩，約15分鐘。', '在中高火的大鍋中加熱。用鹽和胡椒調味雞肉。加入鍋中煮至褐色，中心不再呈粉紅色，每邊5至6分鐘。將鍋從熱源中取出，讓雞肉稍微冷卻。', '清洗並乾燥所有產品。將水梨切成兩半，然後切厚片。將切片疊在一起，切成薄片。香菜切成兩半，去皮，切成薄片。', '將醋和2茶匙糖放入一個小碗中。加入切片的蔥（依個人口味，你可能不會全部使用）。攪拌溶解糖。用鹽和胡椒調味。留出來醃製蔥。', '將白菜，梨，香菜，切片，芝麻油和1湯匙油放入中型碗中。絞拌結合。用鹽和胡椒調味。', '將一半泡菜醬加入雞肉鍋中。去雞皮。盛盤即可。'),
(47, '清洗並乾燥所有產品。雞用紙巾擦乾，然後用胡椒調味。用玉米澱粉均勻撒上。將玉米澱粉揉成肉，滋潤並均勻塗抹。', '去皮黃瓜，然後縱向切半。用勺子舀出種子並丟棄。將肉切成薄半月形。蔥切成薄片，保持綠色和白色分開。在一個中型碗中，將黃瓜，蔥油，醋，1湯匙芝麻油，1茶匙糖和一小撮鹽和胡椒混一起。', '將米飯，?杯水和少許鹽放入小鍋中。煮沸，然後蓋上蓋子，降低溫度，溫和的煨煮。煮至嫩，約15分鐘。保持蓋好的熱量直到用完為止。', '在中高火的大鍋中加熱大量的油。加入雞肉，煮至表面酥脆，呈深金黃色，每邊約6分鐘。在雞肉烹飪的同時，將醬油，2茶匙芝麻油，4茶匙糖混合在一個小碗裡。提示：如果你喜歡辛辣可以加多一點辣醬。', '雞肉完成後，從鍋中取出。丟棄多餘的油，讓鍋冷卻約30秒。將醬油混合物加入鍋中，用餘熱使其起泡。（提示：如果醬汁沒有起泡，請用中低火加熱鍋，直到它冒泡為止。）將雞肉放回鍋中翻轉塗抹。然後攪拌剩餘的芝麻油。用鹽和胡椒調味。', '雞和黃瓜沙拉淋上剩餘的醬汁。撒上芝麻，辣椒片和剩餘的蔥花。'),
(48, '漢堡好吃1', '漢堡好吃2', '漢堡好吃3', '漢堡好吃4', '漢堡好吃5', '漢堡好吃6'),
(119, '漢堡好吃', '漢堡好吃', '漢堡好吃', '漢堡好吃', '漢堡好吃', '漢堡好吃'),
(120, '漢堡好吃', '漢堡好吃', '漢堡好吃', '漢堡好吃', '漢堡好吃', '漢堡好吃'),
(121, '漢堡好吃', '漢堡好吃', '漢堡好吃', '漢堡好吃', '漢堡好吃', '漢堡好吃'),
(122, '漢堡好吃', '漢堡好吃', '漢堡好吃', '漢堡好吃', '漢堡好吃', '漢堡好吃'),
(123, '漢堡好吃', '漢堡好吃', '漢堡好吃', '漢堡好吃', '漢堡好吃', '漢堡好吃'),
(124, 'ingredients_1', 'ingredients_1', 'ingredients_1', 'ingredients_1', 'ingredients_1', 'ingredients_1'),
(125, '444444', '444444', '444444', '444444', '444444', '444444');

-- --------------------------------------------------------

--
-- 資料表結構 `step_img`
--

CREATE TABLE `step_img` (
  `id` int(5) NOT NULL,
  `step_img_1` varchar(200) NOT NULL,
  `step_img_2` varchar(200) NOT NULL,
  `step_img_3` varchar(200) NOT NULL,
  `step_img_4` varchar(20) NOT NULL,
  `step_img_5` varchar(200) NOT NULL,
  `step_img_6` varchar(200) NOT NULL
) ENGINE=InnoDB DEFAULT CHARSET=utf8;

--
-- 資料表的匯出資料 `step_img`
--

INSERT INTO `step_img` (`id`, `step_img_1`, `step_img_2`, `step_img_3`, `step_img_4`, `step_img_5`, `step_img_6`) VALUES
(1, 'china_step_1_1.jpg', 'china_step_1_2.jpg', 'china_step_1_3.jpg', 'china_step_1_4.jpg', 'china_step_1_5.jpg', 'china_step_1_6.jpg'),
(2, 'china_step_2_1.jpg', 'china_step_2_2.jpg', 'china_step_2_3.jpg', 'china_step_2_4.jpg', 'china_step_2_5.jpg', 'china_step_2_6.jpg'),
(3, 'china_step_3_1.jpg', 'china_step_3_2.jpg', 'china_step_3_3.jpg', 'china_step_3_4.jpg', 'china_step_3_5.jpg', 'china_step_3_6.jpg'),
(4, 'china_step_4_1.jpg', 'china_step_4_2.jpg', 'china_step_4_3.jpg', 'china_step_4_4.jpg', 'china_step_4_5.jpg', 'china_step_4_6.jpg'),
(5, 'china_step_5_1.jpg', 'china_step_5_2.jpg', 'china_step_5_3.jpg', 'china_step_5_4.jpg', 'china_step_5_5.jpg', 'china_step_5_6.jpg'),
(6, 'china_step_6_1.jpg', 'china_step_6_2.jpg', 'china_step_6_3.jpg', 'china_step_6_4.jpg', 'china_step_6_5.jpg', 'china_step_6_6.jpg'),
(7, 'china_step_7_1.jpg', 'china_step_7_2.jpg', 'china_step_7_3.jpg', 'china_step_7_4.jpg', 'china_step_7_5.jpg', 'china_step_7_6.jpg'),
(8, 'china_step_8_1.jpg', 'china_step_8_2.jpg', 'china_step_8_3.jpg', 'china_step_8_4.jpg', 'china_step_8_5.jpg', 'china_step_8_6.jpg'),
(9, 'china_step_9_1.jpg', 'china_step_9_2.jpg', 'china_step_9_3.jpg', 'china_step_9_4.jpg', 'china_step_9_5.jpg', 'china_step_9_6.jpg'),
(10, 'china_step_10_1.jpg', 'china_step_10_2.jpg', 'china_step_10_3.jpg', 'china_step_10_4.jpg', 'china_step_10_5.jpg', 'china_step_10_6.jpg'),
(11, 'china_step_11_1.jpg', 'china_step_11_2.jpg', 'china_step_11_3.jpg', 'china_step_11_4.jpg', 'china_step_11_5.jpg', 'china_step_11_6.jpg'),
(12, 'japan_step_1_1.jpg', 'japan_step_1_2.jpg', 'japan_step_1_3.jpg', 'japan_step_1_4.jpg', 'japan_step_1_5.jpg', 'japan_step_1_6.jpg'),
(13, 'japan_step_2_1.jpg', 'japan_step_2_2.jpg', 'japan_step_2_3.jpg', 'japan_step_2_4.jpg', 'japan_step_2_5.jpg', 'japan_step_2_6.jpg'),
(14, 'japan_step_3_1.jpg', 'japan_step_3_2.jpg', 'japan_step_3_3.jpg', 'japan_step_3_4.jpg', 'japan_step_3_5.jpg', 'japan_step_3_6.jpg'),
(15, 'japan_step_4_1.jpg', 'japan_step_4_2.jpg', 'japan_step_4_3.jpg', 'japan_step_4_4.jpg', 'japan_step_4_5.jpg', 'japan_step_4_6.jpg'),
(16, 'japan_step_5_1.jpg', 'japan_step_5_2.jpg', 'japan_step_5_3.jpg', 'japan_step_5_4.jpg', 'japan_step_5_5.jpg', 'japan_step_5_6.jpg'),
(17, 'japan_step_6_1.jpg', 'japan_step_6_2.jpg', 'japan_step_6_3.jpg', 'japan_step_6_4.jpg', 'japan_step_6_5.jpg', 'japan_step_6_6.jpg'),
(18, 'japan_step_7_1.jpg', 'japan_step_7_2.jpg', 'japan_step_7_3.jpg', 'japan_step_7_4.jpg', 'japan_step_7_5.jpg', ''),
(19, 'japan_step_8_1.jpg', 'japan_step_8_2.jpg', 'japan_step_8_3.jpg', 'japan_step_8_4.jpg', 'japan_step_8_5.jpg', 'japan_step_8_6.jpg'),
(20, 'japan_step_9_1.jpg', 'japan_step_9_2.jpg', 'japan_step_9_3.jpg', 'japan_step_9_4.jpg', 'japan_step_9_5.jpg', 'japan_step_9_6.jpg'),
(21, 'japan_step_10_1.jpg', 'japan_step_10_2.jpg', 'japan_step_10_3.jpg', 'japan_step_10_4.jpg', 'japan_step_10_5.jpg', 'japan_step_10_6.jpg'),
(22, 'japan_step_11_1.jpg', 'japan_step_11_2.jpg', 'japan_step_11_3.jpg', 'japan_step_11_4.jpg', 'japan_step_11_5.jpg', 'japan_step_11_6.jpg'),
(23, 'japan_step_12_1.jpg', 'japan_step_12_2.jpg', 'japan_step_12_3.jpg', 'japan_step_12_4.jpg', 'japan_step_12_5.jpg', 'japan_step_12_6.jpg'),
(24, 'japan_step_13_1.jpg', 'japan_step_13_2.jpg', 'japan_step_13_3.jpg', 'japan_step_13_4.jpg', 'japan_step_13_5.jpg', 'japan_step_13_6.jpg'),
(25, 'thai_step_1_1.jpg', 'thai_step_1_2.jpg', 'thai_step_1_3.jpg', 'thai_step_1_4.jpg', 'thai_step_1_5.jpg', 'thai_step_1_6.jpg'),
(26, 'thai_step_2_1.jpg', 'thai_step_2_2.jpg', 'thai_step_2_3.jpg', 'thai_step_2_4.jpg', 'thai_step_2_5.jpg', 'thai_step_2_6.jpg'),
(27, 'thai_step_3_1.jpg', 'thai_step_3_2.jpg', 'thai_step_3_3.jpg', 'thai_step_3_4.jpg', 'thai_step_3_5.jpg', 'thai_step_3_6.jpg'),
(28, 'thai_step_4_1.jpg', 'thai_step_4_2.jpg', 'thai_step_4_3.jpg', 'thai_step_4_4.jpg', 'thai_step_4_5.jpg', 'thai_step_4_6.jpg'),
(29, 'thai_step_5_1.jpg', 'thai_step_5_2.jpg', 'thai_step_5_3.jpg', 'thai_step_5_4.jpg', 'thai_step_5_5.jpg', 'thai_step_5_6.jpg'),
(30, 'thai_step_6_1.jpg', 'thai_step_6_2.jpg', 'thai_step_6_3.jpg', 'thai_step_6_4.jpg', 'thai_step_6_5.jpg', 'thai_step_6_6.jpg'),
(31, 'thai_step_7_1.jpg', 'thai_step_7_2.jpg', 'thai_step_7_3.jpg', 'thai_step_7_4.jpg', 'thai_step_7_5.jpg', 'thai_step_7_6.jpg'),
(32, 'thai_step_8_1.jpg', 'thai_step_8_2.jpg', 'thai_step_8_3.jpg', 'thai_step_8_4.jpg', 'thai_step_8_5.jpg', 'thai_step_8_6.jpg'),
(33, 'thai_step_9_1.jpg', 'thai_step_9_2.jpg', 'thai_step_9_3.jpg', 'thai_step_9_4.jpg', 'thai_step_9_5.jpg', 'thai_step_9_6.jpg'),
(34, 'thai_step_10_1.jpg', 'thai_step_10_2.jpg', 'thai_step_10_3.jpg', 'thai_step_10_4.jpg', 'thai_step_10_5.jpg', 'thai_step_10_6.jpg'),
(35, 'thai_step_11_1.jpg', 'thai_step_11_2.jpg', 'thai_step_11_3.jpg', 'thai_step_11_4.jpg', 'thai_step_11_5.jpg', 'thai_step_11_6.jpg'),
(36, 'thai_step_12_1.jpg', 'thai_step_12_2.jpg', 'thai_step_12_3.jpg', 'thai_step_12_4.jpg', 'thai_step_12_5.jpg', 'thai_step_12_6.jpg'),
(37, 'thai_step_13_1.jpg', 'thai_step_13_2.jpg', 'thai_step_13_3.jpg', 'thai_step_13_4.jpg', 'thai_step_13_5.jpg', 'thai_step_13_6.jpg'),
(38, 'korean_step_1_1.jpg', 'korean_step_1_2.jpg', 'korean_step_1_3.jpg', 'korean_step_1_4.jpg', 'korean_step_1_5.jpg', 'korean_step_1_6.jpg'),
(39, 'korean_step_2_1.jpg', 'korean_step_2_2.jpg', 'korean_step_2_3.jpg', 'korean_step_2_4.jpg', 'korean_step_2_5.jpg', 'korean_step_2_6.jpg'),
(40, 'korean_step_3_1.jpg', 'korean_step_3_2.jpg', 'korean_step_3_3.jpg', 'korean_step_3_4.jpg', 'korean_step_3_5.jpg', 'korean_step_3_6.jpg'),
(41, 'korean_step_4_1.jpg', 'korean_step_4_2.jpg', 'korean_step_4_3.jpg', 'korean_step_4_4.jpg', 'korean_step_4_5.jpg', 'korean_step_4_6.jpg'),
(42, 'korean_step_5_1.jpg', 'korean_step_5_2.jpg', 'korean_step_5_3.jpg', 'korean_step_5_4.jpg', 'korean_step_5_5.jpg', 'korean_step_5_6.jpg'),
(43, 'korean_step_6_1.jpg', 'korean_step_6_2.jpg', 'korean_step_6_3.jpg', 'korean_step_6_4.jpg', 'korean_step_6_5.jpg', 'korean_step_6_6.jpg'),
(44, 'korean_step_7_1.jpg', 'korean_step_7_2.jpg', 'korean_step_7_3.jpg', 'korean_step_7_4.jpg', 'korean_step_7_5.jpg', 'korean_step_7_6.jpg'),
(45, 'korean_step_8_1.jpg', 'korean_step_8_2.jpg', 'korean_step_8_3.jpg', 'korean_step_8_4.jpg', 'korean_step_8_5.jpg', 'korean_step_8_6.jpg'),
(46, 'korean_step_9_1.jpg', 'korean_step_9_2.jpg', 'korean_step_9_3.jpg', 'korean_step_9_4.jpg', 'korean_step_9_5.jpg', 'korean_step_9_6.jpg'),
(47, 'korean_step_10_1.jpg', 'korean_step_10_2.jpg', 'korean_step_10_3.jpg', 'korean_step_10_4.jpg', 'korean_step_10_5.jpg', 'korean_step_10_6.jpg'),
(48, '789.jpg', '789.jpg', '789.jpg', '789.jpg', '789.jpg', '789.jpg'),
(119, '789.jpg', '789.jpg', '789.jpg', '789.jpg', '789.jpg', '789.jpg'),
(120, '789.jpg', '789.jpg', '789.jpg', '789.jpg', '789.jpg', '789.jpg'),
(121, '789.jpg', '789.jpg', '789.jpg', '789.jpg', '789.jpg', '789.jpg'),
(122, '789.jpg', '789.jpg', '789.jpg', '789.jpg', '789.jpg', '789.jpg'),
(123, '789.jpg', '789.jpg', '789.jpg', '789.jpg', '789.jpg', '789.jpg'),
(124, '456.jpg', '456.jpg', '456.jpg', '456.jpg', '456.jpg', '456.jpg'),
(125, '456.jpg', '456.jpg', '456.jpg', '456.jpg', '456.jpg', '456.jpg');

-- --------------------------------------------------------

--
-- 資料表結構 `upload_date`
--

CREATE TABLE `upload_date` (
  `id` int(11) NOT NULL,
  `date_id` varchar(20) NOT NULL,
  `total_time` varchar(20) NOT NULL
) ENGINE=InnoDB DEFAULT CHARSET=utf8;

--
-- 資料表的匯出資料 `upload_date`
--

INSERT INTO `upload_date` (`id`, `date_id`, `total_time`) VALUES
(1, 'January', '2018年 一月'),
(2, 'February', '2018年 二月'),
(3, 'March', '2018年 三月'),
(4, 'April', '2018年 四月'),
(5, 'May', '2018年 五月'),
(6, 'June', '2018年 六月'),
(7, 'July', '2018年 七月'),
(8, 'August', '2018年 八月'),
(9, 'September', '2018年 九月'),
(10, 'October', '2018年 十月'),
(11, 'November', '2018年 十一月'),
(12, 'December', '2018年 十二月');

-- --------------------------------------------------------

--
-- 資料表結構 `upload_ingredients`
--

CREATE TABLE `upload_ingredients` (
  `id` int(11) NOT NULL,
  `ingredients_big_filter` varchar(255) NOT NULL,
  `ingredients_small_filter` varchar(255) NOT NULL,
  `sid` int(11) NOT NULL,
  `ingredients_data` varchar(255) NOT NULL
) ENGINE=InnoDB DEFAULT CHARSET=utf8;

--
-- 資料表的匯出資料 `upload_ingredients`
--

INSERT INTO `upload_ingredients` (`id`, `ingredients_big_filter`, `ingredients_small_filter`, `sid`, `ingredients_data`) VALUES
(1, '肉類', '牛五花肉丁', 1, '1103'),
(2, '肉類', '牛五花肉絲', 1, '1104'),
(3, '肉類', '牛五花條肉', 1, '1105'),
(4, '肉類', '牛肉火鍋肉片', 1, '1106'),
(5, '肉類', '羊肉火鍋片', 1, '1201'),
(6, '肉類', '台灣在地嚴選松阪豬肉', 1, '1301'),
(7, '肉類', '豬大骨', 1, '1315'),
(8, '肉類', '豬小里肌', 1, '1316'),
(9, '肉類', '豬小排骨', 1, '1317'),
(10, '肉類', '豬小腸', 1, '1318'),
(11, '肉類', '豬五花火鍋肉片', 1, '1319'),
(12, '肉類', '鴨肉', 1, '1401'),
(13, '肉類', '雞翅小腿', 1, '1514'),
(14, '肉類', '雞胸肉', 1, '1515'),
(15, '肉類', '雞棒棒腿', 1, '1516'),
(16, '乳製品', '瑞穗鮮奶', 2, '2102'),
(17, '乳製品', '瑞穗鮮乳', 2, '2103'),
(18, '乳製品', '福樂低脂高鈣牛乳', 2, '2104'),
(19, '乳製品', '安佳有鹽奶油 100g', 2, '2201'),
(20, '乳製品', '紐西蘭安佳無鹽奶油', 2, '2202'),
(21, '乳製品', '安佳比薩調理專用乳酪絲', 2, '2301'),
(22, '乳製品', '安佳帕米桑乳酪粉', 2, '2302'),
(23, '乳製品', '艾德法蘭斯佩蒂布里乾酪', 2, '2303'),
(24, '乳製品', '佳品雙色乳酪絲 (焗烤專用)', 2, '2304'),
(25, '乳製品', '芝司樂原味起司', 2, '2305'),
(26, '乳製品', '總統牌軟質原味乾酪', 2, '2306'),
(27, '乳製品', '大成趴趴走紅雞蛋', 2, '2401'),
(28, '乳製品', '茂林伊利蛋', 2, '2402'),
(29, '乳製品', '御品園土雞蛋', 2, '2403'),
(30, '乳製品', '家福藍莓優格', 2, '2501'),
(31, '食物櫃', '西螺金農上等米', 3, '3203'),
(32, '食物櫃', '大貢丸', 3, '3301'),
(33, '食物櫃', '小貢丸', 3, '3303'),
(34, '食物櫃', '花枝丸', 3, '3310'),
(35, '食物櫃', '虱目魚丸', 3, '3311'),
(36, '食物櫃', '黑輪片', 3, '3365'),
(37, '食物櫃', '巴特里爆漿奶油餐包10入', 3, '3401'),
(38, '食物櫃', '美國Skippy花生醬(香脆)16.3', 3, '3406'),
(39, '食物櫃', '家福草莓果醬 370g', 3, '3407'),
(40, '食物櫃', '6種蔬食西班牙燉飯', 3, '3501'),
(41, '食物櫃', '大茂土豆麵筋', 3, '3601'),
(42, '食物櫃', '工研烏醋', 3, '3602'),
(43, '食物櫃', '牛頭牌沙茶醬', 3, '3603'),
(44, '食物櫃', '可果美蕃茄醬', 3, '3604'),
(45, '食物櫃', '日曬老菜脯', 3, '3701'),
(46, '海鮮類', '文蛤', 4, '4102'),
(47, '海鮮類', '日本原裝明太子', 4, '4103\n'),
(48, '海鮮類', '加拿大熟凍波士頓龍蝦', 4, '4108'),
(49, '海鮮類', '生鮮干貝', 4, '4115'),
(50, '海鮮類', '吻仔魚', 4, '4116'),
(51, '海鮮類', '特大鮮甜明蝦', 4, '4125\n'),
(52, '海鮮類', '魷魚乾', 4, '4136'),
(53, '海鮮類', '白帶魚', 4, '4207'),
(54, '海鮮類', '吳郭魚', 4, '4209'),
(55, '海鮮類', '扁魚片', 4, '4219'),
(56, '海鮮類', '秋刀魚', 4, '4221'),
(57, '海鮮類', '挪威鹽漬鯖魚', 4, '4227'),
(58, '海鮮類', '智利鮭魚', 4, '4230'),
(59, '海鮮類', '鮭魚厚切', 4, '4237'),
(60, '海鮮類', '鯛魚', 4, '4240'),
(61, '新鮮水果', '黃金奇異果', 5, '5101'),
(62, '新鮮水果', '木瓜', 5, '5103'),
(63, '新鮮水果', '牛番茄', 5, '5104'),
(64, '新鮮水果', '巨峰葡萄', 5, '5105'),
(65, '新鮮水果', '芭樂', 5, '5106'),
(66, '新鮮水果', '金鑽鳳梨', 5, '5107'),
(67, '新鮮水果', '屏東台農2號中春木瓜', 5, '5108'),
(68, '新鮮水果', '珍珠芭樂', 5, '5112'),
(69, '新鮮水果', '紅肉火龍果', 5, '5113'),
(70, '新鮮水果', '胡瓜', 5, '5117'),
(71, '新鮮水果', '苦瓜', 5, '5118'),
(72, '新鮮水果', '香吉士', 5, '5119'),
(73, '新鮮水果', '香蕉', 5, '5120'),
(74, '新鮮水果', '富士蘋果', 5, '5123'),
(75, '新鮮水果', '進口酪梨', 5, '5128'),
(76, '新鮮蔬菜', '小黃瓜', 6, '6202'),
(77, '新鮮蔬菜', '冬瓜', 6, '6203'),
(78, '新鮮蔬菜', '南瓜', 6, '6204'),
(79, '新鮮蔬菜', '苦瓜', 6, '6206'),
(80, '新鮮蔬菜', '豌豆', 6, '6304'),
(81, '新鮮蔬菜', '豆芽菜', 6, '6401'),
(82, '新鮮蔬菜', '香菜', 6, '6502'),
(83, '新鮮蔬菜', '牛蒡', 6, '6602'),
(84, '新鮮蔬菜', '紅蘿蔔', 6, '6608'),
(85, '新鮮蔬菜', '木耳', 6, '6701'),
(86, '新鮮蔬菜', '杏鮑菇', 6, '6702'),
(87, '新鮮蔬菜', '大白菜', 6, '6802'),
(88, '新鮮蔬菜', '大陸妹菜', 6, '6803'),
(89, '新鮮蔬菜', '水蓮', 6, '6806'),
(90, '新鮮蔬菜', '青江菜', 6, '6818');

-- --------------------------------------------------------

--
-- 資料表結構 `upload_ingredients_name`
--

CREATE TABLE `upload_ingredients_name` (
  `id` int(11) NOT NULL,
  `sid` varchar(11) NOT NULL,
  `upload_ingredients_name` varchar(255) NOT NULL
) ENGINE=InnoDB DEFAULT CHARSET=utf8;

--
-- 資料表的匯出資料 `upload_ingredients_name`
--

INSERT INTO `upload_ingredients_name` (`id`, `sid`, `upload_ingredients_name`) VALUES
(1, 'opt_1', '肉類'),
(2, 'opt_2', '乳製品'),
(3, 'opt_3', '食物櫃'),
(4, 'opt_4', '海鮮類'),
(5, 'opt_5', '新鮮水果'),
(6, 'opt_6', '新鮮蔬菜');

--
-- 已匯出資料表的索引
--

--
-- 資料表索引 `cart`
--
ALTER TABLE `cart`
  ADD PRIMARY KEY (`sid`);

--
-- 資料表索引 `category`
--
ALTER TABLE `category`
  ADD PRIMARY KEY (`id`);

--
-- 資料表索引 `comment`
--
ALTER TABLE `comment`
  ADD PRIMARY KEY (`id`),
  ADD UNIQUE KEY `id` (`id`);

--
-- 資料表索引 `community`
--
ALTER TABLE `community`
  ADD PRIMARY KEY (`id`),
  ADD UNIQUE KEY `sid` (`sid`),
  ADD UNIQUE KEY `id` (`id`);

--
-- 資料表索引 `igr_test`
--
ALTER TABLE `igr_test`
  ADD PRIMARY KEY (`sid`);

--
-- 資料表索引 `ingredients`
--
ALTER TABLE `ingredients`
  ADD PRIMARY KEY (`id`),
  ADD UNIQUE KEY `id` (`id`);

--
-- 資料表索引 `ingredients_name`
--
ALTER TABLE `ingredients_name`
  ADD PRIMARY KEY (`id`),
  ADD UNIQUE KEY `id` (`id`),
  ADD KEY `id_2` (`id`),
  ADD KEY `id_3` (`id`);

--
-- 資料表索引 `love`
--
ALTER TABLE `love`
  ADD PRIMARY KEY (`id`),
  ADD UNIQUE KEY `id` (`id`);

--
-- 資料表索引 `members`
--
ALTER TABLE `members`
  ADD PRIMARY KEY (`sid`);

--
-- 資料表索引 `menu`
--
ALTER TABLE `menu`
  ADD PRIMARY KEY (`id`);

--
-- 資料表索引 `menu01`
--
ALTER TABLE `menu01`
  ADD PRIMARY KEY (`id`),
  ADD UNIQUE KEY `id` (`id`);

--
-- 資料表索引 `nutritional_value`
--
ALTER TABLE `nutritional_value`
  ADD PRIMARY KEY (`id`),
  ADD UNIQUE KEY `id` (`id`);

--
-- 資料表索引 `orders`
--
ALTER TABLE `orders`
  ADD PRIMARY KEY (`sid`),
  ADD UNIQUE KEY `order_num` (`order_num`);

--
-- 資料表索引 `orders_details`
--
ALTER TABLE `orders_details`
  ADD PRIMARY KEY (`sid`);

--
-- 資料表索引 `sector`
--
ALTER TABLE `sector`
  ADD PRIMARY KEY (`id`),
  ADD UNIQUE KEY `id` (`id`);

--
-- 資料表索引 `step`
--
ALTER TABLE `step`
  ADD PRIMARY KEY (`id`),
  ADD UNIQUE KEY `id` (`id`),
  ADD KEY `id_2` (`id`);

--
-- 資料表索引 `step_img`
--
ALTER TABLE `step_img`
  ADD PRIMARY KEY (`id`),
  ADD UNIQUE KEY `id` (`id`),
  ADD KEY `id_2` (`id`);

--
-- 資料表索引 `upload_date`
--
ALTER TABLE `upload_date`
  ADD PRIMARY KEY (`id`),
  ADD UNIQUE KEY `id` (`id`);

--
-- 資料表索引 `upload_ingredients`
--
ALTER TABLE `upload_ingredients`
  ADD PRIMARY KEY (`id`),
  ADD UNIQUE KEY `id` (`id`);

--
-- 資料表索引 `upload_ingredients_name`
--
ALTER TABLE `upload_ingredients_name`
  ADD PRIMARY KEY (`id`),
  ADD UNIQUE KEY `id` (`id`);

--
-- 在匯出的資料表使用 AUTO_INCREMENT
--

--
-- 使用資料表 AUTO_INCREMENT `cart`
--
ALTER TABLE `cart`
  MODIFY `sid` int(11) NOT NULL AUTO_INCREMENT, AUTO_INCREMENT=72;

--
-- 使用資料表 AUTO_INCREMENT `category`
--
ALTER TABLE `category`
  MODIFY `id` int(11) NOT NULL AUTO_INCREMENT, AUTO_INCREMENT=6;

--
-- 使用資料表 AUTO_INCREMENT `comment`
--
ALTER TABLE `comment`
  MODIFY `id` int(11) NOT NULL AUTO_INCREMENT, AUTO_INCREMENT=53;

--
-- 使用資料表 AUTO_INCREMENT `community`
--
ALTER TABLE `community`
  MODIFY `id` int(11) NOT NULL AUTO_INCREMENT, AUTO_INCREMENT=25;

--
-- 使用資料表 AUTO_INCREMENT `igr_test`
--
ALTER TABLE `igr_test`
  MODIFY `sid` int(11) NOT NULL AUTO_INCREMENT, AUTO_INCREMENT=478;

--
-- 使用資料表 AUTO_INCREMENT `ingredients`
--
ALTER TABLE `ingredients`
  MODIFY `id` int(11) NOT NULL AUTO_INCREMENT, AUTO_INCREMENT=158;

--
-- 使用資料表 AUTO_INCREMENT `ingredients_name`
--
ALTER TABLE `ingredients_name`
  MODIFY `id` int(5) NOT NULL AUTO_INCREMENT, AUTO_INCREMENT=126;

--
-- 使用資料表 AUTO_INCREMENT `love`
--
ALTER TABLE `love`
  MODIFY `id` int(11) NOT NULL AUTO_INCREMENT, AUTO_INCREMENT=54;

--
-- 使用資料表 AUTO_INCREMENT `members`
--
ALTER TABLE `members`
  MODIFY `sid` int(11) NOT NULL AUTO_INCREMENT, AUTO_INCREMENT=68;

--
-- 使用資料表 AUTO_INCREMENT `menu`
--
ALTER TABLE `menu`
  MODIFY `id` int(5) NOT NULL AUTO_INCREMENT, AUTO_INCREMENT=96;

--
-- 使用資料表 AUTO_INCREMENT `menu01`
--
ALTER TABLE `menu01`
  MODIFY `id` int(5) NOT NULL AUTO_INCREMENT, AUTO_INCREMENT=126;

--
-- 使用資料表 AUTO_INCREMENT `nutritional_value`
--
ALTER TABLE `nutritional_value`
  MODIFY `id` int(5) NOT NULL AUTO_INCREMENT, AUTO_INCREMENT=48;

--
-- 使用資料表 AUTO_INCREMENT `orders`
--
ALTER TABLE `orders`
  MODIFY `sid` int(11) NOT NULL AUTO_INCREMENT, AUTO_INCREMENT=28;

--
-- 使用資料表 AUTO_INCREMENT `orders_details`
--
ALTER TABLE `orders_details`
  MODIFY `sid` int(11) NOT NULL AUTO_INCREMENT, AUTO_INCREMENT=52;

--
-- 使用資料表 AUTO_INCREMENT `sector`
--
ALTER TABLE `sector`
  MODIFY `id` int(11) NOT NULL AUTO_INCREMENT, AUTO_INCREMENT=32;

--
-- 使用資料表 AUTO_INCREMENT `step`
--
ALTER TABLE `step`
  MODIFY `id` int(5) NOT NULL AUTO_INCREMENT, AUTO_INCREMENT=126;

--
-- 使用資料表 AUTO_INCREMENT `step_img`
--
ALTER TABLE `step_img`
  MODIFY `id` int(5) NOT NULL AUTO_INCREMENT, AUTO_INCREMENT=126;

--
-- 使用資料表 AUTO_INCREMENT `upload_date`
--
ALTER TABLE `upload_date`
  MODIFY `id` int(11) NOT NULL AUTO_INCREMENT, AUTO_INCREMENT=13;

--
-- 使用資料表 AUTO_INCREMENT `upload_ingredients`
--
ALTER TABLE `upload_ingredients`
  MODIFY `id` int(11) NOT NULL AUTO_INCREMENT, AUTO_INCREMENT=91;

--
-- 使用資料表 AUTO_INCREMENT `upload_ingredients_name`
--
ALTER TABLE `upload_ingredients_name`
  MODIFY `id` int(11) NOT NULL AUTO_INCREMENT, AUTO_INCREMENT=7;
COMMIT;

/*!40101 SET CHARACTER_SET_CLIENT=@OLD_CHARACTER_SET_CLIENT */;
/*!40101 SET CHARACTER_SET_RESULTS=@OLD_CHARACTER_SET_RESULTS */;
/*!40101 SET COLLATION_CONNECTION=@OLD_COLLATION_CONNECTION */;
